교육청,소재구,학교명,홈페이지 주소,설립,남녀,우편번호,주소,전화번호, 1학년 학급수, 2학년 학급수, 3학년 학급수, 특수학급 수, 1학년 학생수 계, 1학년 여 학생수, 2학년 학생수 계, 2학년 여 학생수, 3학년 학생수 계, 3학년 여 학생수, 학급당 평균학생수, 정규 교원수 계, 정규 여 교원수, 기간제 교원수 계, 기간제 여 교원수, 직원수 계, 여 직원수," 보통
교실수",
동부,동대문구,동대문중학교,http://dongdaemun.ms.kr, 공립, 공학, 130-855,서울특별시 동대문구 사가정로 59, 02-3407-4103,9,9,9,1,261,122,253,129,257,114,27.5,46,35,6,4,5,3,32,
동부,중랑구,동원중학교,http://www.tongwon.ms.kr, 공립, 공학, 131-800,서울특별시 중랑구 양원역로 32, 02-493-8129,5,6,6, - ,111,18,162,31,155,28,25.2,29,16,10,8,4,1,25,
동부,중랑구,면목중학교,http://www.myonmok.ms.kr, 공립, 공학, 131-812,서울특별시 중랑구 용마산로70길 37, 02-437-0278,9,10,10, - ,268,88,325,111,329,109,31.8,48,35,6,5,4,3,29,
동부,중랑구,봉화중학교,http://www.ibonghwa.ms.kr, 공립, 공학, 131-230,서울특별시 중랑구 망우로70길 89, 02-435-8348,5,6,6,2,152,34,181,39,180,37,27,34,23,3,3,4,2,23,
동부,중랑구,상봉중학교,http://www.sangbong.ms.kr, 공립, 공학, 131-856,서울특별시 중랑구 상봉중앙로8나길 28, 02-436-4316,10,10,10,1,294,135,334,148,341,159,31.3,50,38,10,9,4,1,37,
동부,동대문구,성일중학교,http://sungil.ms.kr, 공립, 공학, 130-861,서울특별시 동대문구 왕산로23길 55, 02-926-0211,5,5,5,1,120,42,141,55,161,69,26.4,27,19,10,9,4,2,33,
동부,동대문구,숭인중학교,http://www.soongin.ms.kr, 공립, 공학, 130-804,서울특별시 동대문구 천호대로47길 34, 02-2215-0176,5,6,6,2,134,75,174,74,199,99,26.7,31,22,5,4,3,1,19,
동부,중랑구,신현중학교,http://sinhyeon.ms.kr, 공립, 공학, 131-863,서울특별시 중랑구 봉화산로 162, 02-3421-0631,9,9,9,2,270,119,299,127,294,143,29.8,48,32,5,2,4,1,33,
동부,중랑구,용마중학교,http://yongma.ms.kr, 공립, 공학, 131-830,서울특별시 중랑구 면목로28길 18, 02-439-6220,8,9,9,2,237,97,301,129,285,135,29.4,44,32,8,6,4,3,28,
동부,중랑구,원묵중학교,http://wonmook.ms.kr, 공립, 공학, 131-846,서울특별시 중랑구 신내로23길 57, 02-2094-9807,12,12,12, - ,380,187,409,167,405,197,33.2,56,44,11,10,2,2,38,
동부,중랑구,장안중학교,http://www.jangan70.ms.kr, 공립, 공학, 131-877,서울특별시 중랑구 동일로 780, 02-6930-3300,7,8,8,3,221,80,255,110,260,90,28.3,46,34,9,8,4,2,32,
동부,동대문구,장평중학교,http://www.jangpyung.ms.kr, 공립, 공학, 130-841,"서울 동대문구 답십리로72길 158 , 장평중학교", 02-2243-8280,9,10,9,1,278,129,321,165,277,145,30.2,46,30,10,9,4, - ,29,
동부,동대문구,전농중학교,http://www.jeonnong.ms.kr, 공립, 공학, 130-850,서울특별시 동대문구 사가정로13길 71, 02-2242-6652,7,8,8,1,201,88,248,105,247,105,29,39,29,9,6,3, - ,26,
동부,동대문구,전동중학교,http://www.jeondong.ms.kr, 공립, 공학, 130-874,"서울특별시 동대문구 장안벚꽃로 291 , 전동중학교", 02-2212-9265,6,7,6,2,175,77,224,86,179,79,27.5,33,24,10,9,3,1,21,
동부,동대문구,전일중학교,http://www.jeonil.ms.kr, 공립, 공학, 130-850,서울특별시 동대문구 사가정로13길 67, 02-2245-2745,7,7,7,1,201,90,236,106,230,106,30.3,36,26,10,8,4,1,22,
동부,중랑구,중랑중학교,http://www.joongrang.ms.kr, 공립, 공학, 131-875,서울특별시 중랑구 동일로140길 33, 02-437-5312,7,8,8,1,208,84,259,89,267,115,30.6,41,30,7,6,4,1,30,
동부,중랑구,중화중학교,http://www.junghwa.ms.kr, 공립, 공학, 131-812,서울특별시 중랑구 용마산로 364, 02-439-5811,9,10,10,2,271,85,317,103,349,115,30.2,50,34,12,6,4,3,31,
동부,동대문구,청량중학교,http://www.cheongryang.ms.kr, 공립, 공학, 130-866,서울특별시 동대문구 왕산로 301, 02-966-4284,7,8,8,3,211,88,240,93,240,84,26.6,41,28,14,9,4,2,29,
동부,중랑구,태릉중학교,www.taereung.ms.kr, 공립, 공학, 131-849,서울특별시 중랑구 공릉로2길 60-25, 02-973-5551,6,7,7,1,159,79,199,102,191,76,26.1,34,26,6,5,4,1,23,
동부,동대문구,휘경중학교,http://www.hwigyong.ms.kr, 공립, 공학, 130-878,서울특별시 동대문구 망우로18나길 20, 02-2244-1359,6,7,7,1,173,62,232,91,218,78,29.7,34,24,7,6,3,1,22,
동부,동대문구,경희여자중학교,http://www.kyungheegls.ms.kr, 사립, 여자, 130-701,서울특별시 동대문구 경희대로 26, 02-966-4148,7,7,7, - ,226,226,228,228,242,242,33.1,37,23,3,3,4,2, - ,
동부,동대문구,경희중학교,http://www.kyunghee.ms.kr, 사립, 남자, 130-701,서울특별시 동대문구 경희대로 26, 02-966-6402,7,7,7, - ,227, - ,243, - ,245, - ,34,33,9,5,5,4, - , - ,
동부,동대문구,대광중학교,http://www.dgm.ms.kr, 사립, 공학, 130-810,"서울특별시 동대문구 안암로 6 , 대광중학교", 02-940-2257,7,7,7, - ,189,82,227,73,228,68,30.7,37,12,3,3,4,1,21,
동부,동대문구,동국대학교사범대학부속중학교,http://dongguk.ms.kr, 사립, 남자, 130-839,서울특별시 동대문구 장안벚꽃로 201, 02-6716-1700,8,8,8, - ,215, - ,241, - ,231, - ,28.6,40,17,6,3,4,1,24,
동부,중랑구,송곡여자중학교,http://www.songgok.ms.kr, 사립, 여자, 131-800,서울특별시 중랑구 양원역로 67, 070-7124-3569,4,4,4, - ,81,81,103,103,95,95,23.3,17,14,5,5,4,2,12,
동부,중랑구,영란여자중학교,http://www.youngran.ms.kr, 사립, 여자, 131-230,서울특별시 중랑구 망우로73길 56, 02-2209-0143,7,8,8, - ,142,142,192,192,199,199,23.2,37,27,7,7,4,1,23,
동부,동대문구,정화여자중학교,http://www.jhg.ms.kr, 사립, 여자, 130-862,서울특별시 동대문구 홍릉로15길 50, 02-966-9332,4,4,5, - ,75,75,109,109,100,100,21.8,21,11,3,1,4,1, - ,
동부,중랑구,혜원여자중학교,http://hyewon.ms.kr, 사립, 여자, 131-807,서울특별시 중랑구 봉우재로58길 39, 070-8686-2704,7,7,8, - ,215,215,243,243,282,282,33.6,36,21,4,4,4, - ,22,
동부,동대문구,휘경여자중학교,http://www.hwikyung.ms.kr, 사립, 여자, 130-874,서울특별시 동대문구 한천로 247, 02-2244-8927,7,8,8, - ,192,192,251,251,256,256,30.4,37,14,7,5,4, - ,24,
서부,서대문구,가재울중학교,http://www.gajaeul.ms.kr, 공립, 공학, 120-802,서울특별시 서대문구 수색로 150-35, 02-376-8565,7,7, - ,2,234,113,244,118, - , - ,29.9,26,16,6,5,4,2,23,
서부,은평구,구산중학교,http://www.gusanjung.ms.kr, 공립, 공학, 122-822,서울특별시 은평구 갈현로15길 20-23, 02-389-8784,9,10,9,2,293,116,305,101,310,118,30.3,49,34,6,6,4,1,32,
서부,은평구,덕산중학교,http://www.duksan.ms.kr, 공립, 공학, 122-889,서울특별시 은평구 가좌로 400, 02-353-9427,6,8,8, - ,184,120,260,145,228,132,30.5,38,26,11,7,5,1,22,
서부,은평구,불광중학교,http://bulgwang.ms.kr, 공립, 공학, 122-853,서울특별시 은평구 불광로 180, 02-385-8356,8,9,9,2,243,96,301,128,294,114,29.9,48,37,6,6,4,1,31,
서부,은평구,상신중학교,www.sangsin.ms.kr, 공립, 공학, 122-884,서울 은평구 증산로15길 61, 02-305-5136,7,7,6,1,214,115,222,138,181,117,29.4,34,26,4,2,4,1,21,
서부,마포구,상암중학교,http://sangam.ms.kr, 공립, 공학, 121-904,서울특별시 마포구 상암산로1길 26, 02-375-5300,12,10,12,2,415,205,344,163,396,181,32.1,61,46,4,3,4,2,36,
서부,서대문구,서연중학교,http://www.seoyun.ms.kr, 공립, 공학, 120-829,서울특별시 서대문구 연희로11마길 9-6, 02-332-7375,7,6,7,1,195,83,181,66,197,67,27.3,35,29,8,6,4,1,23,
서부,마포구,서울여자중학교,http://www.seoul.ms.kr, 공립, 여자, 121-872,서울특별시 마포구 백범로25길 34, 02-716-5041,6,7,5,1,159,159,229,229,170,170,29.4,34,31,8,7,3, - ,21,
서부,마포구,성사중학교,http://www.sungsa.ms.kr, 공립, 공학, 121-849,서울특별시 마포구 모래내로9길 16, 02-373-8002,8,9,7,2,235,132,268,126,235,132,28.4,45,33,4,2,4, - ,30,
서부,마포구,성산중학교,http://sungsan.ms.kr/, 공립, 공학, 121-884,서울특별시 마포구 성지1길 32-13, 02-332-0307,9,10,9,2,276,148,316,154,300,116,29.7,52,41,5,2,4,1,30,
서부,마포구,성서중학교,http://www.sungseo.ms.kr, 공립, 공학, 121-844,서울 마포구 성산로4길 42, 02-3140-7100,8,8,8,1,236,118,259,136,262,152,30.3,43,27,3,3,4,2,28,
서부,은평구,신도중학교,http://www.shindo.ms.kr, 공립, 공학, 122-200,"서울특별시 은평구 진관1로 77-30 , 신도중학교", 02-389-4303,9,9,8,1,291,151,303,157,270,142,32,44,36,6,5,4,3,27,
서부,마포구,신수중학교,www.sinsu.ms.kr, 공립, 공학, 121-856,서울 마포구 신수로 49, 02-717-6004,5,7,6,1,163,107,232,160,205,116,31.6,33,25,4,2,4, - ,22,
서부,서대문구,신연중학교,http://www.sinyeon.ms.kr, 공립, 공학, 120-823,서울특별시 서대문구 모래내로 408, 02-379-4317,6,6,7,2,175,81,199,100,236,88,29,37,27,6,4,4,1,22,
서부,마포구,아현중학교,http://ahyeon.ms.kr, 공립, 공학, 121-859,서울특별시 마포구 마포대로 247, 02-363-1813,6,5,5,2,166,92,160,93,155,96,26.7,32,26,8,7,4,2,18,
서부,서대문구,연북중학교,http://www.yeonbuk.ms.kr, 공립, 공학, 120-826,서울특별시 서대문구 연희로36길 32, 02-332-7378,6,6,7,2,181,64,196,88,224,95,28.6,36,27,3,3,6,4,25,
서부,은평구,연서중학교,http://www.yeonseo.ms.kr, 공립, 공학, 122-939,서울특별시 은평구 증산서길 125-6, 02-6715-8104,6,8,8,1,196,120,269,144,264,142,31.7,39,29,5,3,4, - ,29,
서부,은평구,연신중학교,http://www.yonsin.ms.kr, 공립, 공학, 122-866,서울특별시 은평구 연서로33길 16-32, 02-383-7831,7,8,8,1,212,96,235,92,259,106,29.4,43,26,2,2,6,2,28,
서부,은평구,연천중학교,http://yonchon.ms.kr, 공립, 공학, 122-868,서울특별시 은평구 연서로41길 30, 02-385-1789,6,7,6, - ,180,71,217,84,191,76,30.9,32,23,6,3,4,1,20,
서부,서대문구,연희중학교,http://yonhi.ms.kr, 공립, 공학, 120-807,서울특별시 서대문구 증가로 170, 02-372-2992,10,10,9, - ,282,144,318,146,260,119,29.7,45,32,13,11,4,1,31,
서부,은평구,은평중학교,http://www.eunpyeong.ms.kr, 공립, 공학, 122-822,서울특별시 은평구 갈현로17나길 12-1, 02-382-3541,8,9,8,2,257,111,296,145,275,108,30.7,43,36,7,7,4,2,29,
서부,서대문구,인왕중학교,http://www.inwang.ms.kr, 공립, 공학, 120-852,서울특별시 서대문구 세검정로4길 69, 02-396-5406,7,8,8,2,205,82,259,103,238,97,28.1,42,35,5,3,4,1,28,
서부,마포구,중암중학교,http://www.joongam.ms.kr, 공립, 공학, 121-877,서울특별시 마포구 월드컵북로38길 25, 02-309-5778,10,12,11,1,321,153,407,186,357,194,31.9,57,46,4,2,4,1,38,
서부,은평구,증산중학교,http://www.jeungsan.ms.kr, 공립, 공학, 122-936,서울특별시 은평구 증산로5길 27-30, 02-303-9294,6,7,6,1,190,84,204,92,201,108,29.8,34,27,8,7,3,1,20,
서부,은평구,진관중학교,http://www.jingwan.ms.kr, 공립, 공학, 122-200,"서울특별시 은평구 진관4로 36 , 진관중학교", 02-383-5378,10,11,10,1,340,156,376,179,331,149,32.7,52,34,4,3,4,2,33,
서부,마포구,창천중학교,http://www.changchun.ms.kr, 공립, 공학, 121-806,"서울특별시 마포구 백범로1길 , 56번지", 02-701-9595,5,5,6,2,138,88,151,83,173,111,25.7,31,26,6,5,3,2,33,
서부,서대문구,홍은중학교,http://www.hongeun.ms.kr, 공립, 공학, 120-844,서울특별시 서대문구 연희로41길 94, 02-3216-0511,6,6,6,1,192,47,184,47,189,46,29.7,31,19,5,3,3,1,18,
서부,마포구,경성중학교,http://www.gyeongseong.ms.kr, 사립, 남자, 121-866,서울특별시 마포구 성미산로 111, 02-3140-1245,6,6,6, - ,170, - ,194, - ,185, - ,30.5,27,19,8,7,4,3,19,
서부,마포구,광성중학교,http://www.kwangsung.ms.kr, 사립, 남자, 121-854,서울특별시 마포구 신수로8길 20, 02-3270-1365,5,5,5, - ,152, - ,157, - ,172, - ,32.1,25,8,5,4,4,2,3,
서부,은평구,대성중학교,http://www.dsms.ms.kr, 사립, 남자, 122-802,"서울특별시 은평구 갈현로29길 51-24 , 대성중학교", 02-6252-1100,10,10,10, - ,293, - ,340, - ,337, - ,32.3,45,32,14,8,6,1,30,
서부,마포구,동도중학교,http://www.dong-do.ms.kr, 사립, 공학, 121-873,서울특별시 마포구 백범로 139, 02-716-5783,8,8,8, - ,223,127,263,141,247,167,30.5,35,8,9,3,4,3,24,
서부,서대문구,동명여자중학교,http://www.dongmyunggirls.ms.kr, 사립, 여자, 120-040,서울특별시 서대문구 독립문로 49, 02-363-5043,5,6,5, - ,137,137,177,177,139,139,28.3,27,14,2,2,4,3,16,
서부,서대문구,명지중학교,http://www.myongji.ms.kr, 사립, 공학, 120-848,"서울 서대문구 명지2길 56 , 명지중학교", 02-303-2835,10,10,10, - ,252,114,334,164,328,153,30.5,46,23,11,9,6,3,30,
서부,은평구,선일여자중학교,http://www.sunil.ms.kr, 사립, 여자, 122-802,서울특별시 은평구 갈현로29길 27, 02-355-0161,10,10,10, - ,243,243,291,291,348,348,29.4,49,36,8,7,5,3,30,
서부,은평구,선정중학교,sunjung-m.sen.go.kr, 사립, 공학, 122-801,"서울특별시 은평구 서오릉로20길 19 , 227-5", 02-3156-1400,10,10,10, - ,291,126,330,171,351,116,32.4,47,30,9,7,5,3,30,
서부,마포구,숭문중학교,http://www.soongmoon.ms.kr, 사립, 남자, 121-809,"서울특별시 마포구 숭문길 99 , 숭문중고등학교", 02-715-4461,6,6,7, - ,178, - ,192, - ,191, - ,29.5,30,7,3,1,4,1,20,
서부,은평구,숭실중학교,http://www.soongsilm.net, 사립, 남자, 122-890,서울특별시 은평구 은평터널로7길 6, 02-373-7641,6,6,6, - ,166, - ,198, - ,208, - ,31.8,30,7,3,1,4, - ,20,
서부,은평구,영락중학교,http://youngnak.ms.kr/, 사립, 공학, 122-915,서울특별시 은평구 백련산로 134-6, 02-388-4033,8,8,8, - ,245,122,275,128,273,115,33,39,23,8,8,4,2,24,
서부,은평구,예일여자중학교,http://yale.ms.kr, 사립, 여자, 122-819,서울특별시 은평구 연서로 117, 02-380-0905,8,10,10, - ,258,258,330,330,347,347,33.4,47,36,7,7,5,2,28,
서부,서대문구,이화여자대학교사범대학부속이화?금란중학교,http://www.ewha.ms.kr, 사립, 공학, 120-160,서울특별시 서대문구 성산로 520, 02-392-6176,8,8,10, - ,215,96,270,126,337,184,31.6,41,27,8,5,4,2,26,
서부,서대문구,인창중학교,http://ic.ms.kr/, 사립, 남자, 120-012,서울특별시 서대문구 경기대로 65, 02-300-4567,6,6,6, - ,171, - ,162, - ,192, - ,29.2,31,12,2,1,4,1,18,
서부,서대문구,정원여자중학교,http://www.jungwon.ms.kr, 사립, 여자, 120-850,서울특별시 서대문구 연희로37안길 51, 02-394-6301,8,8,8, - ,221,221,215,215,206,206,26.8,42,29,4,4,4,2,26,
서부,서대문구,중앙여자중학교,http://jungang1940.ms.kr, 사립, 여자, 120-763,서울특별시 서대문구 북아현로11가길 7, 02-362-3064,5,5,6, - ,105,105,104,104,116,116,20.3,31,16,1,1,4,1,16,
서부,은평구,충암중학교,http://www.choongam.ms.kr, 사립, 공학, 122-952,서울특별시 은평구 가좌로5길 5, 02-309-2437,12,10,12, - ,308,142,331,158,412,165,30.9,50,28,14,8,4, - ,34,
서부,서대문구,한성중학교,http://www.hanseong.ms.kr, 사립, 남자, 120-821,서울특별시 서대문구 북아현로3길 24, 02-365-4942,8,8,8, - ,162, - ,171, - ,163, - ,20.7,48,3,2,2,4, - ,29,
서부,마포구,홍익대학교사범대학부속여자중학교,http://www.hongikg.ms.kr, 사립, 여자, 121-847,서울특별시 마포구 성미산로 51, 02-331-7307,5,5,5, - ,156,156,174,174,172,172,33.5,28,17,3,3,4, - ,26,
남부,금천구,가산중학교,http://www.gasan.ms.kr, 공립, 공학, 153-813,서울특별시 금천구 시흥대로115길 48, 02-804-1778,6,7,7,2,179,86,221,106,225,99,28.4,37,27,4,2,3,1,27,
남부,구로구,개봉중학교,www.gaebong.ms.kr, 공립, 공학, 152-802,서울특별시 구로구 고척로21나길 68, 02-2684-1112,7,8,6,2,204,107,248,125,203,111,28.5,39,27,5,5,4,2,29,
남부,구로구,개웅중학교,http://www.kaewoong.ms.kr, 공립, 공학, 152-812,"서울특별시 구로구 개봉로11길 81 , 개웅중학교", 02-2613-3342,10,10,10, - ,280,124,324,168,334,176,31.3,53,36,13,12,3,2,35,
남부,구로구,경인중학교,http://kyeongin.ms.kr, 공립, 공학, 152-805,서울특별시 구로구 경인로 301, 02-2612-6508,7,9,12,2,227,110,263,144,366,238,28.5,51,37,7,5,4,1,35,
남부,구로구,고척중학교,http://www.gocheok.ms.kr, 공립, 공학, 152-826,서울특별시 구로구 중앙로3길 20, 02-6917-7102,14,14,14,1,426,210,445,208,454,209,30.8,73,58,9,7,4, - ,42,
남부,구로구,구로중학교,http://www.guro.ms.kr, 공립, 공학, 152-840,서울특별시 구로구 구로중앙로 48, 02-890-4503,8,8,9,2,249,122,243,117,270,113,28.2,46,31,9,7,4, - ,40,
남부,구로구,구일중학교,http://kuil.ms.kr, 공립, 공학, 152-868,서울특별시 구로구 구일로 90-133, 02-2107-9103,7,9,8,1,206,79,266,135,246,124,28.7,44,34,7,4,4,1,25,
남부,금천구,난곡중학교,http://nangok.ms.kr, 공립, 공학, 153-820,서울특별시 금천구 문성로 67, 02-838-8033,6,8,9,1,160,78,238,118,270,129,27.8,43,29,2,2,4,1,23,
남부,영등포구,당산서중학교,http://www.dangsanseo.ms.kr, 공립, 공학, 150-045,서울특별시 영등포구 당산로41길 12, 02-2676-0961,7,7,7, - ,199,97,218,104,216,90,30.1,38,32,6,5,5,2,21,
남부,영등포구,당산중학교,http://dangsan.ms.kr, 공립, 공학, 150-040,서울특별시 영등포구 버드나루로 160, 02-2177-9900,6,6,7,1,177,74,196,104,205,100,28.9,35,25,3,3,4,2,24,
남부,영등포구,대림중학교,http://www.daerim.ms.kr, 공립, 공학, 150-822,서울특별시 영등포구 시흥대로185길 6, 02-845-2171,8,8,8,1,238,119,246,119,264,143,29.9,41,28,11,8,4,2,34,
남부,영등포구,대영중학교,http://daeyoung.ms.kr, 공립, 공학, 150-841,서울특별시 영등포구 도림로80가길 14, 02-848-7781,8,9,9, - ,255,126,294,148,282,144,32,47,33,3,3,5,1,27,
남부,영등포구,문래중학교,http://www.mullae.ms.kr, 공립, 공학, 150-096,서울특별시 영등포구 선유서로13길 6, 02-6712-0700,7,8,8, - ,229,102,234,119,244,99,30.7,43,30,2,2,4,1,23,
남부,금천구,문성중학교,http://www.munseong.ms.kr, 공립, 공학, 153-805,서울특별시 금천구 독산로102길 78, 02-858-8446,6,7,6, - ,167,82,224,106,180,83,30.1,37,27,5,2,3,1,31,
남부,영등포구,선유중학교,http://seonyoo.ms.kr, 공립, 공학, 150-103,서울특별시 영등포구 선유로 213, 02-2687-6521,7,7,7,1,206,91,225,97,203,84,28.8,37,27,7,6,4,2,28,
남부,금천구,세일중학교,http://www.seil.ms.kr, 공립, 공학, 153-863,서울특별시 금천구 시흥대로 147-34, 02-856-0868,6,6,6,2,184,73,175,75,192,81,27.6,33,26,7,5,3,2,19,
남부,금천구,시흥중학교,http://www.shi-heung.ms.kr, 공립, 공학, 153-030,서울특별시 금천구 시흥대로38길 60, 02-895-2301,11,11,10,1,314,214,352,212,306,232,29.5,56,44,8,7,2,2,35,
남부,구로구,신도림중학교,www.sindorim.ms.kr, 공립, 공학, 152-887,서울특별시 구로구 경인로63길 74, 02-2676-1993,12,12,11,1,362,182,399,201,345,178,30.7,62,47,4,3,3,1,37,
남부,금천구,안천중학교,http://www.ancheon.ms.kr, 공립, 공학, 153-833,서울특별시 금천구 한내로 69-44, 02-894-1204,7,8,7,1,200,102,233,104,213,104,28.1,42,31,7,6,2, - ,24,
남부,영등포구,양화중학교,http://www.yangwha.ms.kr, 공립, 공학, 150-834,서울특별시 영등포구 당산로 56, 02-2676-2282,8,9,8,1,231,116,287,150,246,117,29.4,45,38,2,2,4,2,27,
남부,영등포구,여의도중학교,http://www.yeouido.ms.kr, 공립, 공학, 150-888,서울특별시 영등포구 국제금융로7길 46, 02-2199-9500,11,10,11,1,328,158,334,162,349,165,30.6,57,40,9,5,4,1,43,
남부,영등포구,영남중학교,http://yeongnam.ms.kr, 공립, 공학, 150-815,서울특별시 영등포구 대림로31나길 17, 02-833-1003,8,10,9,3,257,104,300,124,296,145,28.4,50,44,8,5,4,1,30,
남부,구로구,영림중학교,http://younglim.ms.kr/, 공립, 공학, 152-842,서울특별시 구로구 가마산로27길 17, 02-859-0322,10,12,12,1,292,144,387,182,378,206,30.2,59,40,10,9,4,2,39,
남부,구로구,영서중학교,http://www.yeongseo.ms.kr, 공립, 공학, 152-847,서울특별시 구로구 도림로20길 35, 02-856-9567,8,10,9,3,259,128,324,132,302,139,29.5,50,43,10,9,6,5,37,
남부,영등포구,영원중학교,http://www.youngwon.ms.kr, 공립, 공학, 150-030,서울특별시 영등포구 영등포로62길 31, 02-843-2028,9,12,10,2,265,126,365,163,325,139,28.9,54,42,12,11,4,2,34,
남부,구로구,오남중학교,http://www.ohnam.ms.kr, 공립, 공학, 152-904,서울특별시 구로구 오리로9길 25, 02-2687-4235,6,8,11,1,191,103,266,144,337,171,30.5,45,29,3,3,4,1,28,
남부,구로구,오류중학교,http://www.oryu.ms.kr, 공립, 공학, 152-833,서울특별시 구로구 고척로27바길 19, 02-2612-2602,8,8,9,1,233,95,230,107,252,121,27.5,44,28,3,3,4,2,29,
남부,영등포구,윤중중학교,http://www.yunjung.ms.kr, 공립, 공학, 150-887,서울특별시 영등포구 여의동로3길 3, 02-780-8842,7,9,10,2,217,106,268,126,319,136,28.7,48,41,2,2,4,1,35,
남부,구로구,천왕중학교,http://cheonwang.ms.kr, 공립, 공학, 152-130,서울특별시 구로구 천왕로 63, 02-2618-2833,8,8, - ,1,245,171,253,186, - , - ,29.3,30,21,3,3,4,1, - ,
남부,금천구,한울중학교,http://www.hanwool.ms.kr, 공립, 공학, 153-820,서울특별시 금천구 남부순환로128길 42, 02-856-4941,9,8,9, - ,243,130,243,118,267,130,29,45,38,11,8,3,1,29,
남부,금천구,동일중학교,http://www.dongil.ms.kr, 사립, 공학, 153-030,서울특별시 금천구 탑골로10길 45, 02-803-9805,8,8,8, - ,224,144,257,170,260,147,30.9,38,20,6,6,4,1,24,
남부,금천구,문일중학교,http://www.moonil.ms.kr, 사립, 남자, 153-847,"서울특별시 금천구 시흥대로47길 45 , 문일중학교", 02-808-0297,8,8,8, - ,188, - ,206, - ,226, - ,25.8,39,12,8,4,4,1,24,
남부,구로구,우신중학교,http://wooshin.ms.kr, 사립, 남자, 152-883,서울특별시 구로구 부일로 917, 02-2610-1678,6,6,6, - ,158, - ,147, - ,165, - ,26.1,29,3,4,3,4, - ,18,
북부,노원구,공릉중학교,http://kongrung.ms.kr, 공립, 공학, 139-800,서울특별시 노원구 노원로1길 42, 02-971-5213,10,10,9,1,327,159,327,156,312,152,32.2,48,32,9,8,5,2,32,
북부,도봉구,노곡중학교,http://www.nogok.ms.kr, 공립, 공학, 132-901,서울특별시 도봉구 노해로70길 95, 02-996-5232,7,7,7,1,182,93,223,110,224,125,28.6,34,26,8,7,4,2,21,
북부,노원구,노원중학교,http://www.nowon.ms.kr, 공립, 공학, 139-830,서울특별시 노원구 동일로213길 26, 070-4032-6417,7,8,8,2,202,98,259,125,259,134,28.8,42,25,3,2,4,2,29,
북부,노원구,노일중학교,http://www.noil.ms.kr, 공립, 공학, 139-837,서울특별시 노원구 동일로231길 24, 02-3391-0092,8,9,8, - ,241,119,293,127,250,119,31.4,44,32,5,4,3,1,25,
북부,노원구,녹천중학교,http://www.nokcheon.ms.kr, 공립, 공학, 139-842,서울특별시 노원구 월계로 376, 02-978-4592,7,7,6,1,195,142,209,158,186,131,28.1,36,28,8,8,4,1,20,
북부,도봉구,도봉중학교,http://www.dobong.ms.kr, 공립, 공학, 132-821,서울특별시 도봉구 마들로 671, 02-954-4117,9,9,8,1,258,117,285,131,267,124,30,44,29,6,6,5,2,27,
북부,도봉구,방학중학교,http://www.banghak.ms.kr, 공립, 공학, 132-831,서울특별시 도봉구 시루봉로 188, 02-956-8343,8,8,8,2,226,103,261,127,260,108,28.7,40,29,10,7,4,1,26,
북부,도봉구,백운중학교,http://www.baekwoon.ms.kr, 공립, 공학, 132-862,서울특별시 도봉구 도봉로129길 50, 02-998-4035,8,9,9,2,245,98,280,112,306,101,29.7,43,28,8,5,5,2,28,
북부,도봉구,북서울중학교,http://www.bukseoul.ms.kr, 공립, 공학, 132-816,서울특별시 도봉구 도봉로169가길 33, 02-956-1004,8,8,8,1,228,121,223,103,228,106,27.2,40,21,10,9,4,1,28,
북부,노원구,불암중학교,http://www.bulam.ms.kr, 공립, 공학, 139-230,서울특별시 노원구 한글비석로5길 45, 02-948-2437,10,13,13, - ,353,171,474,206,462,227,35.8,59,46,7,7,4,2,36,
북부,노원구,상경중학교,http://www.sanggyung.ms.kr, 공립, 공학, 139-823,서울특별시 노원구 동일로227길 61, 02-939-3951,10,10,11, - ,295,145,326,167,368,181,31.9,52,39,3,1,4,2,32,
북부,노원구,상계제일중학교,http://www.sanggyejeil.ms.kr, 공립, 공학, 139-856,서울특별시 노원구 덕릉로86길 29-15, 02-930-3543,10,11,9,2,285,129,380,183,301,147,30.2,53,40,6,6,5,3,33,
북부,노원구,상계중학교,http://www.sanggye.ms.kr, 공립, 공학, 139-816,서울특별시 노원구 노원로 398, 02-936-6450,10,11,11,2,334,163,392,180,342,149,31.4,57,40,4,3,4,3,36,
북부,노원구,상원중학교,http://www.sang-won.ms.kr, 공립, 공학, 139-200,서울특별시 노원구 수락산로 182, 02-930-0761,8,10,10, - ,247,130,311,141,305,133,30.8,45,25,7,7,2,2,29,
북부,노원구,수락중학교,http://www.surak.ms.kr, 공립, 공학, 139-838,서울특별시 노원구 동일로 1729 수락중학교, 02-2092-1911,6,8,6,2,156,82,206,93,171,76,24.2,38,27,2,2,3,1,22,
북부,도봉구,신도봉중학교,http://www.sindobong.ms.kr, 공립, 공학, 132-864,서울특별시 도봉구 도봉로115길 16, 02-992-3462,8,8,8,1,248,103,266,112,250,98,30.6,42,31,8,5,5,3,27,
북부,도봉구,신방학중학교,http://www.sbh.ms.kr, 공립, 공학, 132-830,서울특별시 도봉구 시루봉로 156, 02-956-8235,9,9,9, - ,238,103,294,123,281,116,30.1,45,29,8,6,3,1,35,
북부,노원구,신상중학교,http://www.sinsang.ms.kr, 공립, 공학, 139-943,서울특별시 노원구 동일로216길 42, 02-932-0595,6,7,6, - ,192,92,227,117,199,91,32.5,32,23,4,4,5,2,23,
북부,노원구,신창중학교,http://www.sc.ms.kr, 공립, 공학, 139-852,서울 노원구 월계로45길 92, 02-904-4206,5,7,5,1,146,79,210,121,169,106,29.2,31,20,7,4,5,2,19,
북부,노원구,온곡중학교,http://www.ongok.ms.kr, 공립, 공학, 139-825,서울특별시 노원구 노원로 492, 02-934-8908,8,10,10, - ,260,135,342,161,320,155,32.9,49,25,1,1,4,3,29,
북부,노원구,월계중학교,http://www.iwolgye.ms.kr, 공립, 공학, 139-848,서울특별시 노원구 월계로45가길 54, 02-993-3115,6,6,5,2,181,99,187,116,152,80,27.4,31,22,7,6,4,1,21,
북부,노원구,을지중학교,www.eulji.ms.kr, 공립, 공학, 139-860,서울특별시 노원구 덕릉로 580, 02-938-7083,8,8,8, - ,286,129,292,132,282,135,35.8,39,24,7,7,4,1,28,
북부,노원구,중계중학교,http://www.junggye.ms.kr, 공립, 공학, 139-859,서울특별시 노원구 덕릉로76길 23, 02-932-2545,10,12,12,1,349,153,431,203,422,195,34.3,59,43,7,5,4,2,35,
북부,노원구,중원중학교,http://www.joongwon.ms.kr, 공립, 공학, 139-865,서울특별시 노원구 공릉로 420, 02-971-2788,10,11,10,2,311,158,378,184,321,142,30.6,54,41,6,5,4,2,33,
북부,노원구,중평중학교,http://jungpyong.ms.kr/, 공립, 공학, 139-873,서울특별시 노원구 동일로203길 87, 02-975-6112,10,11,13,1,342,172,396,190,458,220,34.2,59,41,7,7,4,1,37,
북부,도봉구,창동중학교,http://www.changdong.ms.kr, 공립, 공학, 132-854,서울특별시 도봉구 방학로 32, 02-2289-6600,11,12,11,2,314,149,368,190,356,158,28.8,59,41,3,2,4,1,36,
북부,도봉구,창북중학교,http://www.changbook.ms.kr, 공립, 공학, 132-925,서울특별시 도봉구 노해로62길 33, 070-8230-5104,8,10,11, - ,253,116,332,163,350,171,32.2,49,35,13,10,4,2,30,
북부,도봉구,창일중학교,http://www.changil.ms.kr, 공립, 공학, 132-911,서울특별시 도봉구 노해로66길 60, 02-994-5934,10,11,10, - ,318,154,367,178,344,167,33.2,53,40,10,8,5,2,34,
북부,노원구,태랑중학교,http://www.taerang.ms.kr, 공립, 공학, 139-800,"서울특별시 노원구 화랑로51나길 51 , 태랑중학교", 02-973-1355,9,9,8,1,269,129,320,167,293,127,32.7,46,36,3,1,4,2,26,
북부,노원구,하계중학교,http://www.hagye.ms.kr, 공립, 공학, 139-230,서울 노원구 노원로 261-8, 02-3399-0200,13,14,14,2,442,189,503,228,459,196,32.7,71,49,8,5,4,1,45,
북부,노원구,한천중학교,http://www.hancheon.ms.kr, 공립, 공학, 139-804,서울특별시 노원구 공릉로 265, 02-948-5554,10,11,10,2,321,158,376,163,346,185,31.6,52,38,8,7,5,2,35,
북부,도봉구,효문중학교,http://www.hyomun.ms.kr, 공립, 공학, 132-887,서울특별시 도봉구 우이천로 432, 02-999-1785,6,6,6, - ,195,95,202,100,212,115,33.8,30,16,5,4,5,3,23,
북부,노원구,광운중학교,http://www.kwangwoon.ms.kr, 사립, 남자, 139-875,서울특별시 노원구 광운로1길 24, 02-942-2372,7,8,8, - ,178, - ,221, - ,226, - ,27.2,40,13,4,3,4,1,23,
북부,노원구,상명중학교,http://www.sangmyung.ms.kr, 사립, 공학, 139-725,서울특별시 노원구 덕릉로 553, 02-971-9211,10,9,9, - ,305,131,324,148,320,158,33.9,43,24,7,3,5,1,28,
북부,도봉구,선덕중학교,http://www.sunduck.ms.kr, 사립, 공학, 132-715,"서울특별시 도봉구 시루봉로 53,", 02-993-4112,9,9,10, - ,279,106,317,124,325,114,32.9,40,23,9,5,5,1,32,
북부,노원구,염광중학교,http://www.yumkwang.ms.kr, 사립, 공학, 139-724,서울특별시 노원구 월계로45가길 9, 02-906-8881,7,6,7, - ,201,105,186,102,233,155,31,34,20,5,5,4, - ,30,
북부,노원구,재현중학교,www.jaehyun.ms.kr, 사립, 공학, 139-928,서울특별시 노원구 덕릉로82길 64, 02-932-4815,9,9,10, - ,253,123,308,141,337,165,32.1,45,17,6,3,4,2,30,
북부,도봉구,정의여자중학교,http://www.jeongui.ms.kr, 사립, 여자, 132-716,서울특별시 도봉구 노해로49길 69, 02-3499-5305,7,6,7, - ,174,174,194,194,219,219,29.4,33,22,5, - ,4,2,23,
북부,노원구,청원중학교,http://cheongwon.ms.kr, 사립, 공학, 139-822,"서울특별시 노원구 한글비석로 506 , 청원중학교", 02-3399-7878,7,8,8, - ,238,109,280,134,275,124,34.5,36,22,6,4,3,1,27,
중부,종로구,서울대학교사범대학부설여자중학교,http://snu-g.ms.kr, 국립, 여자, 110-810,서울특별시 종로구 대학로 64, 02-762-5252,8,8,8,1,199,199,259,259,233,233,27.6,47,34,9,7,4,1,34,
중부,중구,금호여자중학교,http://www.kum-ho.ms.kr, 공립, 여자, 100-450,서울특별시 중구 청구로 6, 070-4050-5633,6,6,5,2,146,146,185,185,159,159,25.8,33,29,7,5,2,1,19,
중부,중구,덕수중학교,http://www.ducksu.ms.kr, 공립, 공학, 100-282,서울 중구 마른내로9길 10, 02-2265-9626,4,5,5,2,96,63,108,60,137,87,21.3,30,20,2,1,4,2,20,
중부,용산구,선린중학교,http://www.sunrin.ms.kr, 공립, 공학, 140-133,서울특별시 용산구 원효로97길 33-4, 02-713-6214,9,10,9,2,250,100,316,134,292,126,28.6,52,43,3,1,4,1,29,
중부,용산구,용강중학교,http://www.yonggang.ms.kr, 공립, 공학, 140-906,서울특별시 용산구 이촌로65가길 91, 02-795-6176,10,10,10,1,299,148,330,157,324,160,30.7,54,44,7,6,5,2,31,
중부,용산구,용산중학교,http://www.yong-san.ms.kr, 공립, 남자, 140-833,서울특별시 용산구 두텁바위로 74, 070-4000-3882,6,6,6,2,165, - ,174, - ,195, - ,26.7,33,26,4,1,5,1,22,
중부,중구,장원중학교,http://www.jangwon.ms.kr, 공립, 공학, 100-835,서울특별시 중구 동호로15길 93-34, 02-2238-1181,4,5,5,2,96,96,142,142,132,132,23.1,31,22,3,2,4,1,23,
중부,중구,창덕여자중학교,http://www.changdeok.ms.kr, 공립, 여자, 100-120,서울특별시 중구 정동길 22, 070-4325-4404,4,4,4,2,85,85,108,108,107,107,21.4,24,19,3,2,3, - ,14,
중부,종로구,청운중학교,http://www.cheong-un.ms.kr, 공립, 남자, 110-030,서울특별시 종로구 창의문로 51, 02-737-0582,7,8,8,1,197, - ,240, - ,232, - ,27.9,42,29,6,4,4,1,23,
중부,용산구,한강중학교,http://www.hangang.ms.kr, 공립, 공학, 140-240,서울특별시 용산구 녹사평대로 73, 02-794-1791,6,6,6,2,166,136,176,141,193,159,26.8,36,30,4,3,3,1,22,
중부,종로구,경신중학교,http://www.ksms.ms.kr, 사립, 남자, 110-530,서울특별시 종로구 혜화로 74, 02-762-0313,4,4,5, - ,112, - ,129, - ,152, - ,30.2,23,7,4,4,4, - ,13,
중부,중구,대경중학교,http://www.daekyeong.ms.kr, 사립, 남자, 100-826,서울특별시 중구 매봉18길 111, 02-2235-5158,7,7,7, - ,148, - ,193, - ,156, - ,23.7,36,14,2,2,4,1, - ,
중부,종로구,대신중학교,http://www.dae-shin.ms.kr, 사립, 남자, 110-091,서울특별시 종로구 사직로 9, 02-736-0317,5,6,6, - ,161, - ,176, - ,163, - ,29.4,23,9,10,7,4,3,18,
중부,종로구,덕성여자중학교,http://duksung.ms.kr, 사립, 여자, 110-180,서울특별시 종로구 율곡로3길 49, 02-733-4807,4,4,4, - ,87,87,87,87,100,100,22.8,22,13,2,1,4,1,20,
중부,종로구,동성중학교,http://sds.ms.kr, 사립, 남자, 110-530,서울특별시 종로구 대학로 156, 02-3671-9196,7,7,7, - ,166, - ,182, - ,184, - ,25.3,34,6,4,2,4, - ,24,
중부,용산구,배문중학교,http://www.baemoon.ms.kr, 사립, 남자, 140-830,서울특별시 용산구 효창원로 258, 02-3480-7285,6,6,6, - ,196, - ,189, - ,192, - ,32.1,29,7,4,3,4, - ,3,
중부,종로구,배화여자중학교,http://www.paiwha.ms.kr, 사립, 여자, 110-735,서울특별시 종로구 필운대로1길 34 배화여자중학교, 02-725-6451,6,6,6, - ,172,172,194,194,199,199,31.4,31,17,3,2,4,1,23,
중부,용산구,보성여자중학교,www.bosung-g.ms.kr, 사립, 여자, 140-833,서울특별시 용산구 신흥로3가길 66, 070-400-0717,6,6,6, - ,150,150,154,154,182,182,27,32,19,2,1,4,2,18,
중부,종로구,상명대학교사범대학부속여자중학교,http://www.sangmyung-agm.ms.kr, 사립, 여자, 110-020,"서울특별시 종로구 홍지문2길 20 , 상명대학교사범대학부속여자중학교", 02-396-6300,4,5,5, - ,136,136,139,139,147,147,30.1,24,12,4,4,4,1,14,
중부,용산구,성심여자중학교,http://sacredheart.ms.kr/, 사립, 여자, 140-850,"서울특별시 용산구 원효로19길 49 , 성심여자중학교", 02-3273-4135,4,4,4, - ,121,121,126,126,129,129,31.3,22,18,3,3,4,1,15,
중부,용산구,신광여자중학교,http://www.shinkwang.ms.kr, 사립, 여자, 140-133,서울특별시 용산구 청파로 263, 02-710-6990,5,5,5, - ,135,135,116,116,146,146,26.5,25,15,2,2,4,3,17,
중부,용산구,오산중학교,http://www.os.ms.kr, 사립, 남자, 140-823,서울특별시 용산구 보광로7길 17, 02-799-9602,7,7,7, - ,170, - ,219, - ,205, - ,28.3,34,7,5,3,4,2,21,
중부,중구,장충중학교,http://www.jangchung.ms.kr, 사립, 남자, 100-835,서울특별시 중구 동호로15길 93, 070-8686-7052,4,5,5, - ,110, - ,157, - ,123, - ,27.9,20,4,6,4,4,1,15,
중부,종로구,중앙중학교,http://www.choongang.ms.kr, 사립, 공학, 110-800,서울특별시 종로구 창덕궁길 164, 02-742-1323,5,5,5, - ,95,26,127,43,132,42,23.6,24,7,7,4,4,1,15,
중부,중구,한양중학교,http://www.hanyang.ms.kr, 사립, 남자, 100-450,서울특별시 중구 을지로 299길, 02-2234-4725,4,4,4, - ,103, - ,106, - ,104, - ,26.1,16,5,7,6,4,3,15,
중부,중구,환일중학교,http://www.hwanil.ms.kr, 사립, 남자, 100-372,"서울특별시 중구 환일길 47 , 환일중고등학교", 02-390-7203,4,4,4, - ,76, - ,82, - ,101, - ,21.6,20,8,1,1,4,1,12,
강동송파,송파구,가락중학교,http://www.karak.ms.kr, 공립, 공학, 138-854,서울특별시 송파구 송이로 45, 02-2143-3101,9,11,12,1,260,78,357,120,411,122,31.2,58,46,6,5,5,3,38,
강동송파,송파구,가원중학교,www.gawon.ms.kr, 공립, 공학, 138-160,서울특별시 송파구 중대로10길 40-18, 02-409-2179,7,9,9,2,230,112,268,131,264,114,28.2,46,37,4,2,4,3,29,
강동송파,강동구,강동중학교,http://www.gang-dong.ms.kr, 공립, 공학, 134-100,서울특별시 강동구 풍산로 237, 02-481-1503,7,7,7,2,206,95,226,111,203,101,27.6,38,31,6,2,4,3,23,
강동송파,강동구,강명중학교,http://www.gangmyoung.ms.k, 공립, 공학, 134-100,서울특별시 강동구 상일로12길 56, 02-440-3200,6,8,7,1,178,86,209,105,198,112,26.6,37,26,9,8,4,1,23,
강동송파,강동구,강일중학교,http://www.kangil.ms.kr, 공립, 공학, 134-853,서울특별시 강동구 고덕로27길 12, 02-441-4651,7,8,8,1,211,82,270,115,265,114,31.1,42,31,3,3,4,1,26,
강동송파,송파구,거원중학교,http://www.geowon.ms.kr, 공립, 공학, 138-815,서울특별시 송파구 양산로2길 30, 02-405-4211,7,7,8, - ,232,131,246,157,244,132,32.8,40,35,5,4,4,2,26,
강동송파,강동구,고덕중학교,http://www.godeok.ms.kr, 공립, 공학, 134-803,서울 강동구 동남로82길 94, 02-2045-6000,7,8,8,1,191,99,258,96,249,93,29.1,42,27,8,4,4, - ,23,
강동송파,강동구,둔촌중학교,http://doonchon.ms.kr, 공립, 공학, 134-864,"서울특별시 강동구 진황도로 61 , 25-30", 02-474-2754,6,7,8,2,157,77,195,94,237,137,25.6,41,32,5,5,4,1,34,
강동송파,강동구,명일중학교,http://www.myungil.ms.kr, 공립, 공학, 134-805,서울특별시 강동구 양재대로156길 57, 070-8650-5810,8,10,10,3,265,97,317,160,314,147,28.9,52,39,9,9,4,2,38,
강동송파,송파구,문정중학교,http://www.munjeong.ms.kr, 공립, 공학, 138-824,서울특별시 송파구 문정로 73, 02-448-6348,9,10,10,1,268,127,286,137,315,165,29,52,38,8,6,5,4,33,
강동송파,송파구,문현중학교,http://www.munhyeon.ms.kr/, 공립, 공학, 138-923,서울특별시 송파구 충민로 99, 02-407-4095,9,9,9,1,269,135,288,145,258,132,29.1,50,42,5,4,4,2,27,
강동송파,송파구,방산중학교,http://www.bangsan.ms.kr, 공립, 공학, 138-836,서울특별시 송파구 오금로29길 31, 02-415-7630,6,9,8,1,202,98,283,138,261,118,31.1,41,32,5,4,4,1,26,
강동송파,송파구,방이중학교,http://www.bangi.ms.kr, 공립, 공학, 138-828,서울특별시 송파구 오금로11길 64, 02-2152-7101,8,8,9,1,213,75,247,94,281,109,28.5,45,32,4,4,4,2,31,
강동송파,송파구,서울체육중학교,http://www.cheyuk.ms.kr/, 공립, 공학, 138-829,서울특별시 송파구 강동대로 232, 02-2140-9903,2,2,2, - ,51,20,59,23,53,21,27.2,11,6, - , - , - , - ,6,
강동송파,송파구,석촌중학교,http://www.seokchon.ms.kr, 공립, 공학, 138-801,서울특별시 송파구 송이로15길 13, 02-448-4031,7,9,9, - ,187,85,263,132,267,127,28.7,43,33,5,4,3,2,25,
강동송파,강동구,성내중학교,www.seongnae.ms.kr, 공립, 공학, 134-850,서울특별시 강동구 성안로7길 36, 02-470-6453,8,9,8,1,237,144,316,168,257,155,31.2,46,40,5,3,4,2,30,
강동송파,송파구,세륜중학교,http://www.seryun.ms.kr, 공립, 공학, 138-855,서울특별시 송파구 양재대로72길 41, 02-431-1102,7,8,9, - ,200,117,233,148,273,166,29.4,41,35,4,3,3,2,31,
강동송파,송파구,송례중학교,http://www.songrye.ms.kr, 공립, 공학, 138-871,서울특별시 송파구 위례순환로 429, 02-2144-2800,5,4,4,1,108,54,99,55,78,32,20.4,28,23,3,2,4,2,10,신설
강동송파,송파구,송파중학교,http://www.songpa.ms.kr, 공립, 공학, 138-807,서울특별시 송파구 동남로 203, 02-402-0118,12,13,13,3,399,215,480,243,449,239,32.4,68,55,7,6,4,3,39,
강동송파,강동구,신명중학교,http://www.sinmyung.ms.kr, 공립, 공학, 134-808,서울특별시 강동구 명일로24길 25, 02-6969-6400,10,10,8, - ,312,141,322,148,268,136,32.2,48,39,4,2,4,2,31,
강동송파,강동구,신암중학교,http://www.sinam.ms.kr, 공립, 공학, 134-855,서울특별시 강동구 고덕로 65, 02-441-6751,9,11,10,1,265,127,336,168,292,148,28.8,55,44,6,5,5,3,30,
강동송파,송파구,신천중학교,http://www.scm.ms.kr, 공립, 공학, 138-908,서울특별시 송파구 백제고분로 11, 02-422-3946,12,12,12,1,463,173,471,158,441,177,37.2,61,47,10,9,3,1,37,
강동송파,송파구,아주중학교,http://aju.ms.kr, 공립, 공학, 138-892,서울특별시 송파구 올림픽로4길 69, 02-415-1696,8,10,10, - ,259,95,329,124,313,107,32.2,50,37,7,5,4,2,28,
강동송파,송파구,오금중학교,http://www.ogeum.ms.kr, 공립, 공학, 138-855,서울특별시 송파구 오금로35길 20, 02-402-4777,8,9,8, - ,245,136,277,154,253,136,31,45,36,5,3,4,3,30,
강동송파,송파구,오륜중학교,http://www.oryun.ms.kr, 공립, 공학, 138-829,서울특별시 송파구 양재대로 1242, 02-3434-4110,8,8,9, - ,286,222,289,230,268,211,33.7,44,35,5,5,6,4,30,
강동송파,송파구,오주중학교,http://www.oju.ms.kr, 공립, 공학, 138-857,서울특별시 송파구 동남로 281, 02-3434-7500,9,10,9,2,278,184,335,218,305,197,30.6,50,42,4,3,4, - ,32,
강동송파,송파구,잠신중학교,http://jamsin.ms.kr, 공립, 공학, 138-911,"서울특별시 송파구 잠실로 12 , 잠신중학교", 02-415-9621,12,12,11,1,458,207,483,204,427,197,38,59,50,8,6,4,2,36,
강동송파,송파구,잠실중학교,http://jamsil.ms.kr, 공립, 공학, 138-240,서울특별시 송파구 올림픽로35길 130, 02-418-0586,12,12,12, - ,422,188,413,191,401,196,34.3,62,50,6,5,3,1,38,
강동송파,강동구,천일중학교,http://www.cheonil.ms.kr, 공립, 공학, 134-867,서울특별시 강동구 천중로 57, 070-4014-6415,9,11,10,2,267,131,347,161,314,150,29,53,38,9,9,5,3,32,
강동송파,강동구,천호중학교,http://www.cheonho.ms.kr, 공립, 공학, 134-861,서울 강동구 상암로 153, 070-4311-1979,9,11,10,1,257,95,345,127,300,99,29.1,53,39,13,7,3,2,34,
강동송파,송파구,풍납중학교,http://www.pungnap.ms.kr, 공립, 공학, 138-878,서울특별시 송파구 올림픽로43길 20, 02-2225-2011,6,8,8,2,162,42,195,67,238,90,24.8,42,30,7,5,4,2,27,
강동송파,송파구,풍성중학교,http://www.pungsung.ms.kr, 공립, 공학, 138-878,서울특별시 송파구 강동대로2길 27, 02-2224-7700,6,8,7, - ,150,41,263,102,204,77,29.4,37,30,3,3,5,2,21,
강동송파,강동구,한산중학교,http://urihansan.ms.kr, 공립, 공학, 134-818,서울특별시 강동구 풍성로 251, 02-482-2157,6,8,7,1,200,145,247,170,235,159,31,43,33,2,2,4,2,25,
강동송파,강동구,동북중학교,http://www.dongbuk.ms.kr, 사립, 남자, 134-820,서울특별시 강동구 강동대로 305, 02-477-2280,10,10,10, - ,222, - ,285, - ,259, - ,25.5,54,20,4,4,5,1,31,
강동송파,강동구,동신중학교,http://www.dong-shin.ms.kr, 사립, 공학, 134-864,서울특별시 강동구 진황도로 72, 02-3784-3938,8,8,8, - ,223,107,228,99,218, - ,27.9,42,20,2,2,4,1,24,
강동송파,송파구,배명중학교,http://bm.ms.kr/, 사립, 남자, 138-841,서울특별시 송파구 삼학사로 11, 070-4014-2591,9,9,9, - ,273, - ,280, - ,314, - ,32.1,40,9,10,8,4,1,29,
강동송파,강동구,배재중학교,http://www.pcms.kr, 사립, 남자, 134-878,서울특별시 강동구 고덕로 227, 02-441-9151,9,9,9, - ,280, - ,306, - ,302, - ,32.9,48,14,3,2,7,1,28,
강동송파,송파구,보성중학교,http://posung.ms.kr/, 사립, 남자, 138-829,서울특별시 송파구 양재대로 1278, 02-2152-2552,8,8,8, - ,178, - ,257, - ,241, - ,28.2,37,5,6,3,4, - ,24,
강동송파,송파구,보인중학교,http://boin.ms.kr, 사립, 남자, 138-860,서울특별시 송파구 오금로49길 18, 02-449-6019,8,8,8, - ,263, - ,269, - ,271, - ,33.5,39,11,4,2,4,1,30,
강동송파,강동구,상일여자중학교,http://www.sangil.ms.kr, 사립, 여자, 134-837,서울특별시 강동구 천호대로219길 61, 02-428-0735,6,6,6, - ,116,116,140,140,152,152,22.7,26,19,8,5,4,1,18,
강동송파,강동구,성덕여자중학교,http://www.sd.ms.kr, 사립, 여자, 134-861,서울특별시 강동구 구천면로 396, 02-2045-5001,8,10,10, - ,237,237,272,272,287,287,28.4,45,29,8,5,4,1,28,
강동송파,송파구,영파여자중학교,http://www.youngpa.ms.kr, 사립, 여자, 138-879,"서울특별시 송파구 올림픽로 565  , 영파여자중학교", 02-470-7876,7,7,7, - ,157,157,188,188,210,210,26.4,36,26,5,5,4,2,24,
강동송파,송파구,일신여자중학교,http://www.ilsin.ms.kr, 사립, 여자, 138-854,서울특별시 송파구 송파대로38길 8, 02-2140-8131,8,8,8, - ,199,199,248,248,257,257,29.3,37,12,7,5,5,1,24,
강동송파,송파구,정신여자중학교,http://www.chungshin.net, 사립, 여자, 138-892,"서울특별시 송파구 올림픽로4길 16 , 정신여자중학교", 02-423-2776,13,13,13, - ,334,334,424,424,426,426,30.4,66,40,6,5,5,1,40,
강동송파,강동구,한영중학교,http://www.hanyoung.ms.kr, 사립, 공학, 134-710,서울특별시 강동구 동남로 832, 02-428-0565,8,8,8, - ,238,88,292,109,279,98,33.7,39,22,5,3,3, - ,24,
강서,양천구,강신중학교,http://www.kangsin.ms.kr, 공립, 공학, 158-848,서울특별시 양천구 남부순환로 604, 02-2694-9623,11,11,14, - ,344,169,344,171,459,221,31.9,60,44,3,3,5,2,41,
강서,강서구,경서중학교,http://gyeongseo.ms.kr/, 공립, 공학, 157-809,서울특별시 강서구 양천로59길 31, 02-2668-0304,4,4,4, - ,88,50,135,55,123,66,28.8,23,14,3,3,3,1,14,
강서,강서구,공진중학교,http://www.kongjin.ms.kr, 공립, 공학, 157-807,서울특별시 강서구 양천로55길 56, 02-3665-8673,4,3,3,2,82,41,68,37,67,32,18.1,24,15,2,1,4,2,15,
강서,강서구,공항중학교,http://konghang.ms.kr, 공립, 공학, 157-811,서울특별시 강서구 방화대로 241, 02-2662-0471,9,9,8,2,205,98,227,105,246,123,24.2,47,29,6,4,4,1,27,
강서,양천구,금옥중학교,http://geumok.ms.kr/, 공립, 공학, 158-855,서울특별시 양천구 신정로 213  금옥중학교, 02-2696-1202,11,12,11, - ,354,189,376,186,337,172,31.4,59,41,3,1,3,2,34,
강서,강서구,등명중학교,http://www.deungmyoung.ms.kr, 공립, 공학, 157-930,서울특별시 강서구 공항대로39길 39, 02-2658-2727,8,9,9, - ,250,122,297,142,301,170,32.6,47,35,3,2,4,1,30,
강서,강서구,등원중학교,http://www.deungwon.ms.kr, 공립, 공학, 157-930,서울특별시 강서구 화곡로65길 50, 02-2658-2707,6,8,6,2,167,116,238,167,199,143,27.5,37,27,1,1,3,1,32,
강서,양천구,목동중학교,http://www.mokdong.ms.kr, 공립, 공학, 158-849,서울특별시 양천구 목동동로 172, 02-2643-1101,15,17,17,2,509,242,632,284,612,268,34.4,83,67,12,8,4,2,51,
강서,양천구,목운중학교,http://www.mogun.ms.kr, 공립, 공학, 158-050,서울특별시 양천구 목동동로 235, 02-2651-4060,15,15,15,1,521,264,549,263,564,285,35.5,75,63,9,6,5,4,46,
강서,양천구,목일중학교,http://www.mokil.ms.kr, 공립, 공학, 158-887,서울특별시 양천구 목동동로8길 70, 02-2654-2685,14,16,17, - ,455,165,516,185,550,209,32.4,82,63,6,6,4, - ,47,
강서,강서구,방원중학교,http://bangwon.ms.kr, 공립, 공학, 157-856,"서울특별시 강서구 금낭화로 268 , 방원중학교", 02-2666-6014,6,5,6,1,161,83,154,68,163,61,26.6,31,17,7,6,4,1,22,
강서,강서구,방화중학교,http://www.banghwa.ms.kr, 공립, 공학, 157-853,서울특별시 강서구 개화동로27길 9, 02-2664-8952,6,6,6, - ,183,89,193,97,199,108,31.9,33,16,4,4,3,1, - ,
강서,강서구,백석중학교,http://www.baekseok.ms.kr, 공립, 공학, 157-836,서울특별시 강서구 등촌로51나길 35, 02-2644-2886,11,13,12,1,335,126,411,145,390,117,30.7,61,43,7,4,2,1,48,
강서,강서구,삼정중학교,http://www.samjeong.ms.kr, 공립, 공학, 157-220,서울특별시 강서구 금낭화로 210, 02-2666-6032,5,6,6, - ,119,61,151,80,154,84,24.9,34,25,3,3,4,2,17,
강서,강서구,성재중학교,http://www.sungjae.ms.kr, 공립, 공학, 157-806,서울특별시 강서구 허준로 36, 02-2658-9853,6,6,6, - ,152,72,168,74,176,83,27.6,31,23,4,3,3,1,20,
강서,강서구,송정중학교,http://www.songjeong.ms.kr, 공립, 공학, 157-818,서울특별시 강서구 남부순환로 121, 02-2661-0478,5,5,4, - ,86,42,97,43,72,35,18.2,27,17,2,1,4,1,16,
강서,강서구,수명중학교,http://sumyeong.ms.kr, 공립, 공학, 157-280,서울특별시 강서구 수명로2길 16, 070-4032-7603,7,7,6,1,245,116,253,129,228,119,34.6,38,30,1,1,3,2,23,
강서,양천구,신남중학교,http://www.shinnam.ms.kr, 공립, 공학, 158-843,서울특별시 양천구 중앙로29길 109, 02-2602-7353,9,10,10, - ,261,121,288,144,316,142,29.8,49,35,4,3,2,2,29,
강서,양천구,신목중학교,http://www.shinmok.ms.kr, 공립, 공학, 158-874,서울특별시 양천구 목동중앙로 88, 02-2648-2142,16,17,17, - ,544,308,615,341,632,344,35.8,80,64,18,15,4,2,50,
강서,양천구,신서중학교,http://www.sinseo.ms.kr, 공립, 공학, 158-070,서울특별시 양천구 중앙로 206, 02-2657-4625,14,16,17,2,447,152,504,171,598,200,31.6,80,63,14,13,4,2,49,
강서,양천구,신원중학교,http://www.shinwon.ms.kr, 공립, 공학, 158-823,서울특별시 양천구 가로공원로55길 19, 02-2699-0183,6,6,6,2,163,95,175,93,184,104,26.1,31,18,5,4,3, - ,20,
강서,양천구,신월중학교,http://www.ssinwol.ms.kr, 공립, 공학, 158-822,서울특별시 양천구 남부순환로29길 25, 02-2601-4254,11,12,11,2,342,162,390,197,373,181,30.7,59,40,10,9,5,3,38,
강서,양천구,신화중학교,http://www.shinhwa.ms.kr, 공립, 공학, 158-822,서울특별시 양천구 남부순환로29길 35, 02-2695-0785,12,15,14,1,322,154,460,233,494,255,30.4,68,53,5,3,4,2,44,
강서,양천구,양강중학교,http://www.yangkang.ms.kr, 공립, 공학, 158-838,서울특별시 양천구 중앙로 319, 02-2691-0869,12,13,13,1,379,154,449,182,462,219,33.1,64,41,7,7,3,2,39,
강서,양천구,양동중학교,http://www.yangdong.ms.kr, 공립, 공학, 158-811,서울특별시 양천구 목동중앙북로 49, 02-2642-9055,11,13,13,2,338,175,425,213,413,207,30.2,66,50,6,5,4,2,43,
강서,양천구,양서중학교,http://www.yangseo.ms.kr, 공립, 공학, 158-829,서울특별시 양천구 남부순환로 380, 02-2606-5162,6,7,7, - ,190,102,211,99,216,96,30.9,33,20,6,4,4,2,20,
강서,양천구,양천중학교,http://www.yangcheon.ms.kr, 공립, 공학, 158-845,서울특별시 양천구 지양로7길 32, 02-2694-2715,10,11,10, - ,301,149,351,170,318,145,31.3,52,37,4,4,4,2,36,
강서,강서구,염경중학교,http://www.ymgng.ms.kr, 공립, 공학, 157-859,서울특별시 강서구 양천로69길 35, 02-3661-6252,8,9,7,1,253,125,278,135,229,116,30.4,46,36,7,6,4,1,26,
강서,강서구,염창중학교,http://www.yumchang.ms.kr, 공립, 공학, 157-859,서울특별시 강서구 양천로67가길 83, 02-3664-2885,11,11,11, - ,348,169,359,175,391,206,33.3,59,42, - , - ,4,2,35,
강서,양천구,월촌중학교,http://www.wolchonnet.ms.kr, 공립, 공학, 158-879,서울특별시 양천구 목동서로 31, 02-2648-8570,15,17,16, - ,507,317,595,348,550,316,34.4,76,56,19,14,4,2,49,
강서,강서구,화원중학교,http://www.shwawon.ms.kr, 공립, 공학, 157-882,서울특별시 강서구 강서로17나길 86, 02-2695-8441,8,9,8, - ,264,128,295,129,256,117,32.6,41,31,6,4,4,2,25,
강서,강서구,덕원중학교,WWW.deokwon.ms.kr, 사립, 공학, 157-700,서울특별시 강서구 강서로45길 91-44, 02-2660-7955,8,8,8, - ,283,170,310,189,319,176,38,36,24,9,7,3,1,24,
강서,강서구,등촌중학교,http://www.deungchon.ms.kr, 사립, 공학, 157-836,서울특별시 강서구 공항대로 484-12, 070-7005-8002,6,6,6, - ,171,100,148,76,170,86,27.2,32,15,4,4,4,1,18,
강서,강서구,마포중학교,http://mapo.ms.kr, 사립, 남자, 157-030,서울특별시 강서구 화곡로 403, 02-3663-2591,7,7,7, - ,222, - ,206, - ,224, - ,31,36,11,5,4,4,1,22,
강서,강서구,명덕여자중학교,http://myungduk.ms.kr, 사립, 여자, 157-726,서울특별시 강서구 강서로47길 34-10, 02-2664-8813,6,6,6, - ,218,218,239,239,232,232,38.3,34,25,1,1,4,2,18,
강서,양천구,봉영여자중학교,http://bongyoung.ms.kr, 사립, 여자, 158-070,서울특별시 양천구 목동동로2길 68, 02-2648-7123,7,7,7, - ,206,206,173,173,179,179,26.6,36,21,5,5,4,3,21,
강서,강서구,신정여자중학교,http://www.shinjeong.ms.kr, 사립, 여자, 157-894,서울특별시 강서구 등촌로13아길 20 신정여자중학교, 02-2644-3549,7,7,7, - ,203,203,244,244,211,211,31.3,37,25,2,2,4,3,29,
강서,양천구,양정중학교,http://www.ycsc.ms.kr, 사립, 남자, 158-879,"서울특별시 양천구 안양천로 1039 , 양정중학교", 02-2649-7077,6,7,6, - ,192, - ,238, - ,221, - ,34.3,34,9,1,1,4, - ,19,
강서,양천구,영도중학교,http://www.yeongdo21.ms.kr, 사립, 남자, 158-815,서울특별시 양천구 목동중앙남로 27, 02-2643-0243,6,6,6, - ,195, - ,163, - ,207, - ,31.4,31,11, - , - ,3, - ,20,
강서,강서구,화곡중학교,http://www.hwagok.ms.kr, 사립, 남자, 157-834,서울특별시 강서구 강서로45길 70, 070-8644-6509,6,6,6, - ,202, - ,234, - ,244, - ,37.8,26,10,8,6,4,1,18,
강남,강남구,개원중학교,http://www.kaewon.ms.kr, 공립, 공학, 135-993,"서울특별시 강남구 영동대로 101 , 개원중학교", 02-3411-8327,9,10,11,1,265,142,305,144,346,171,29.5,50,42,11,4,5,2,32,
강남,강남구,개포중학교,http://www.gaepo.ms.kr, 공립, 공학, 135-810,서울특별시 강남구 선릉로 9, 02-571-1361,5,5,6,1,117,53,159,74,186,88,27.2,30,23,8,6,3,1,20,
강남,서초구,경원중학교,http://www.kyongwon.ms.kr, 공립, 공학, 137-907,서울특별시 서초구 신반포로33길 39, 02-593-6578,12,11,11,1,394,209,430,220,402,190,35,58,48,10,8,4,1,35,
강남,강남구,구룡중학교,http://www.gury.ms.kr, 공립, 공학, 135-806,서울특별시 강남구 선릉로 103, 02-577-3708,8,9,10,1,234,117,290,136,314,142,29.9,47,37,6,3,4,2,33,
강남,강남구,대명중학교,http://www.daemyeong.ms.kr, 공립, 공학, 135-847,서울 강남구 역삼로87길 26, 02-565-3025,9,12,12, - ,292,153,390,177,424,193,33.5,57,47,12,9,5,2,36,
강남,강남구,대왕중학교,http://www.daewang.ms.kr, 공립, 공학, 135-886,서울특별시 강남구 광평로20길 7, 02-2226-2646,8,10,9,1,309,158,372,187,323,180,35.9,47,35,7,7,4,3,30,
강남,강남구,대청중학교,http://www.daecheong.ms.kr, 공립, 공학, 135-280,서울특별시 강남구 양재천로 321, 02-553-9830,10,11,11,1,317,170,394,195,386,194,33.2,51,43,13,12,5,3,33,
강남,강남구,대치중학교,http://www.daechi.ms.kr, 공립, 공학, 135-855,서울특별시 강남구 남부순환로378길 39, 02-572-9781,7,9,9, - ,201,68,283,98,259,82,29.7,44,33,6,5,4,2,27,
강남,강남구,도곡중학교,http://www.dogok.ms.kr, 공립, 공학, 135-857,서울특별시 강남구 언주로57길 31, 02-3461-1227,7,9,8,1,220,73,287,120,286,96,31.7,42,35,8,7,3, - ,26,
강남,서초구,반포중학교,http://www.banpo.ms.kr, 공립, 남자, 137-040,서울특별시 서초구 신반포로 67, 02-599-2304,10,9,9, - ,303, - ,320, - ,312, - ,33.4,48,37,7,3,4,1,34,
강남,서초구,방배중학교,http://www.bangbae.ms.kr, 공립, 공학, 137-807,서울특별시 서초구 동광로 144, 02-532-1342,6,7,7,1,163,48,208,56,222,50,28.2,35,27,4,3,4,1,26,
강남,강남구,봉은중학교,http://www.bongeun.ms.kr/, 공립, 공학, 135-871,서울특별시 강남구 영동대로128길 59, 02-547-5628,5,6,7, - ,156,59,173,73,199,73,29.3,31,28,6,4,4,2,18,
강남,서초구,서운중학교,http://seoun.ms.kr, 공립, 공학, 137-857,서울특별시 서초구 서운로 115, 02-3473-2701,12,12,11, - ,362,164,414,192,374,174,32.9,59,49,10,8,4, - ,38,
강남,서초구,서일중학교,http://www.seoil.ms.kr, 공립, 공학, 137-856,서울특별시 서초구 서운로21길 2, 02-3482-9663,11,11,11,1,362,167,401,178,369,179,33.3,56,46,9,8,6,4,36,
강남,서초구,서초중학교,http://www.seocho.ms.kr, 공립, 공학, 137-871,서울특별시 서초구 반포대로13길 48, 02-583-0228,9,10,10,1,245,103,292,113,298,115,27.8,46,40,10,8,3,2,31,
강남,강남구,세곡중학교,http://www.segok.ms.kr, 공립, 공학, 135-200,서울특별시 강남구 자곡로 81, 02-2040-2900,11,11,8,1,195,110,181,96,110,53,15.7,49,40,11,9,4,2,45,
강남,강남구,수서중학교,http://www.suseo.ms.kr, 공립, 공학, 135-884,서울특별시 강남구 광평로59길 57, 02-451-7092,7,7,8,2,112,55,130,68,157,76,16.6,38,33,6,2,4,1,33,
강남,강남구,신구중학교,http://www.shingu.ms.kr, 공립, 공학, 135-894,서울특별시 강남구 압구정로36길 17, 02-548-5038,6,5,6, - ,134,59,159,90,172,79,27.4,28,23,8,7,3,1,17,
강남,서초구,신동중학교,http://shindong.ms.kr, 공립, 공학, 137-907,"서울특별시 서초구 나루터로 27 , 신동중학교", 02-594-6456,9,9,9, - ,298,136,355,168,343,159,36.9,45,40,6,4,4,1,33,
강남,서초구,신반포중학교,http://www.shinbanpo.ms.kr, 공립, 공학, 137-800,"서울특별시 서초구 신반포로19길 26 , 신반포중학교", 070-4099-1905,9,11,10,2,291,72,356,102,363,118,31.6,53,42,12,11,4,2,32,
강남,강남구,신사중학교,http://sinsa.ms.kr, 공립, 공학, 135-899,서울특별시 강남구 압구정로 123, 02-541-1062,5,6,6,1,142,71,166,75,179,93,27.1,31,24,9,8,2,2,17,
강남,강남구,압구정중학교,http://www.apgujeong.ms.kr, 공립, 공학, 135-903,서울특별시 강남구 압구정로 225, 02-543-1394,6,6,6, - ,165,77,201,84,198,99,31.3,31,29,5,4,2, - ,18,
강남,서초구,언남중학교,www.eonnam.ms.kr, 공립, 공학, 137-896,서울특별시 서초구 동산로 55, 02-577-3038,8,8,8,1,160,73,179,78,203,95,21.7,41,33,9,7,4,1,24,
강남,강남구,언북중학교,www.eonbuk.ms.kr, 공립, 공학, 135-816,서울특별시 강남구 도산대로38길 27, 02-514-4302,5,5,6,1,128,62,137,66,172,68,25.7,31,23,4,2,2,2,6,
강남,강남구,언주중학교,http://www.eonju.ms.kr, 공립, 공학, 135-867,"서울특별시 강남구 선릉로116길 57 , 언주중학교", 02-516-4884,11,10,10, - ,308,132,391,155,380,162,34.8,50,40,13,12,4,2,30,
강남,강남구,역삼중학교,http://www.yeoksam.ms.kr, 공립, 공학, 135-927,서울특별시 강남구 도곡로43길 10, 02-558-1503,11,13,11,1,387,140,477,210,439,176,36.2,59,47,14,12,6,3,36,
강남,서초구,영동중학교,http://www.young-dong.ms.kr, 공립, 공학, 137-901,서울특별시 서초구 성촌길 14, 02-3474-7386,10,9,8,1,308,160,298,152,237,116,30.1,46,38,7,5,4,3,30,
강남,서초구,원촌중학교,http://www.wonchon.ms.kr, 공립, 공학, 137-801,서울특별시 서초구 사평대로45길 10, 02-3482-6053,10,10,10,1,349,163,377,185,381,174,35.7,51,38,7,7,4,2,31,
강남,서초구,이수중학교,http://www.isu.ms.kr, 공립, 남자, 137-846,서울특별시 서초구 방배중앙로3길 32, 02-521-4651,8,8,8, - ,211, - ,230, - ,247, - ,28.7,39,33,9,7,3,2,29,
강남,강남구,청담중학교,http://www.cheongdam.ms.kr, 공립, 공학, 135-959,서울특별시 강남구 압구정로61길 36, 02-511-5151,6,7,6, - ,176,88,195,86,190,90,29.5,33,27,9,7,2,1,28,
강남,강남구,단국대학교사범대학부속중학교,http://www.dankook.ms.kr/, 사립, 남자, 135-852,"서울특별시 강남구 도곡로64길 21 ,", 02-2191-2602,6,6,6, - ,170, - ,220, - ,211, - ,33.4,30,8,7,5,3,1,18,
강남,서초구,동덕여자중학교,http://www.dongduk.ms.kr, 사립, 여자, 137-854,서울특별시 서초구 효령로2길 123-5, 02-586-5417,8,7,8, - ,181,181,184,184,230,230,25.9,36,22,8,6,4,1,23,
강남,서초구,서문여자중학교,http://www.suhmoon.ms.kr, 사립, 여자, 137-852,서울특별시 서초구 동광로12길 84, 02-3015-3600,9,10,10, - ,257,257,305,305,315,315,30.2,48,21,5,5,5,1,29,
강남,서초구,세화여자중학교,http://www.sewha.ms.kr, 사립, 여자, 137-040,서울특별시 서초구 신반포로 56-7, 02-594-8722,9,9,9, - ,339,339,356,356,333,333,38.1,41,17,6,6,5,1,28,
강남,강남구,숙명여자중학교,http://sookmyung.ms.kr, 사립, 여자, 135-505,서울특별시 강남구 남부순환로 2807, 02-3462-0642,9,9,9, - ,249,249,316,316,324,324,32.9,45,31,5,2,4,1,27,
강남,강남구,은성중학교,http://www.eunseong.ms.kr, 사립, 공학, 135-859,서울특별시 강남구 남부순환로359길 36, 02-3462-2005,5,5,5, - ,140,70,185,106,180,90,33.7,15,9,14,10,4,3,15,
강남,강남구,중동중학교,http://www.joongdong.ms.kr, 사립, 남자, 135-946,서울특별시 강남구 일원로8길 37 중동중학교, 070-7092-9300,10,10,10, - ,263, - ,315, - ,312, - ,29.7,49,22,5,4,6,1,30,
강남,강남구,진선여자중학교,http://www.jinseon.ms.kr, 사립, 여자, 135-919,서울특별시 강남구 선릉로85길 27, 02-566-3103,10,10,10, - ,320,320,387,387,343,343,35,49,22,1, - ,5,1,30,
강남,강남구,휘문중학교,www.whimoon.ms.kr, 사립, 남자, 135-847,서울특별시 강남구 역삼로 541, 070-7090-0400,8,8,8, - ,250, - ,285, - ,300, - ,34.8,41,8,2,2,4,1,24,
동작관악,동작구,강남중학교,http://www.kangnam.ms.kr, 공립, 공학, 156-810,서울특별시 동작구 대방동15길 29, 02-814-5637,6,7,6,1,181,91,218,103,207,90,30.3,37,25,2,2,4,1,23,
동작관악,동작구,강현중학교,http://www.sganghyeon.ms.kr, 공립, 공학, 156-834,서울특별시 동작구 상도로13라길 22, 02-815-3939,6,6,7,1,174,94,190,96,216,114,29,35,23,4,3,4,2,20,
동작관악,관악구,관악중학교,http://www.gwanak.ms.kr, 공립, 공학, 151-050,서울특별시 관악구 남부순환로237길 60, 02-889-1782,6,6,6,1,158,63,188,72,186,68,28,35,25,4,4,4,1,19,
동작관악,관악구,구암중학교,http://www.guahm.ms.kr/, 공립, 공학, 151-050,서울특별시 관악구 성현로 53, 02-881-2999,13,14,14,2,454,198,498,228,496,219,33.7,71,53,8,6,4,3,44,
동작관악,동작구,국사봉중학교,http://www.kuksabong.ms.kr, 공립, 공학, 156-842,서울특별시 동작구 양녕로20길 20, 02-823-8715,6,6,6,2,168,70,166,78,179,81,25.7,35,26,3,2,4,1,19,
동작관악,관악구,난우중학교,http://www.nanwoo.ms.kr, 공립, 공학, 151-015,서울특별시 관악구 난곡로16길 32, 02-864-4017,8,8,8,2,259,179,272,165,276,187,31,43,25,7,6,3, - ,27,
동작관악,관악구,남서울중학교,http://namseoul.ms.kr, 공립, 공학, 151-907,서울특별시 관악구 난곡로64길 106, 02-856-6055,5,7,7,1,133,64,207,108,213,111,27.7,37,28,7,4,3, - ,21,
동작관악,동작구,남성중학교,http://www.namsung.ms.kr, 공립, 공학, 156-822,서울특별시 동작구 남부순환로269길 166, 02-520-7500,5,6,6,1,157,76,179,81,176,82,28.4,33,28,4,3,3, - ,18,
동작관악,관악구,당곡중학교,http://www.danggok.ms.kr, 공립, 공학, 151-821,서울특별시 관악구 봉천로13길 101, 02-870-7700,8,9,8,1,257,128,283,137,266,115,31,45,34,8,6,4,2,26,
동작관악,동작구,대방중학교,http://www.dbm.ms.kr, 공립, 공학, 156-851,서울특별시 동작구 여의대방로10길 24, 02-831-2502,10,10,10,1,336,190,352,219,338,218,33.1,51,40,10,10,4,2,37,
동작관악,동작구,동작중학교,http://dongjak.ms.kr, 공립, 공학, 156-080,서울특별시 동작구 동작대로39가길 83, 02-591-6595,6,6,6, - ,154,68,173,79,166,81,27.4,33,25,1,1,4,1,18,
동작관악,동작구,문창중학교,http://www.munchang.ms.kr, 공립, 공학, 156-848,서울 동작구 여의대방로22나길 40 문창중학교, 02-821-8587,6,7,6, - ,180,81,239,123,195,91,32.3,35,27,3,3,3,1,68,
동작관악,관악구,미성중학교,http://www.misung.ms.kr, 공립, 공학, 151-888,서울특별시 관악구 문성로16길 40, 02-860-0904,7,7,7,1,204,152,218,157,223,154,29.3,39,26,5,4,4,1,22,
동작관악,관악구,봉림중학교,http://www.bongrim.ms.kr, 공립, 공학, 151-845,서울특별시 관악구 장군봉길 72, 02-886-0761,6,6,5,1,165,55,177,47,177,47,28.8,33,27,6,6,3,1,21,
동작관악,관악구,봉원중학교,http://www.bongwon.ms.kr, 공립, 공학, 151-809,"서울특별시 관악구 관악로24가길 15 , 봉원중학교", 02-879-1543,8,8,7, - ,209,82,263,127,244,110,31.1,41,30,6,6,2, - ,27,
동작관악,동작구,사당중학교,http://www.sadang.ms.kr, 공립, 공학, 156-819,서울특별시 동작구 사당로9가길 58, 070-7510-5601,6,6,6,1,180,86,198,87,203,97,30.6,34,26,4,4,4,1,19,
동작관악,관악구,삼성중학교,http://www.ssamsung.ms.kr, 공립, 공학, 151-858,서울특별시 관악구 신림로3가길 39-24, 02-871-6242,5,6,5,1,143,72,176,71,167,67,28.6,33,23,4,4,3, - ,29,
동작관악,동작구,상도중학교,www.seoulsangdo.ms.kr, 공립, 공학, 156-878,서울특별시 동작구 사당로2가길 72, 02-580-8905,7,7,7, - ,187,93,203,97,198,94,28,38,29,3,2,4,1,21,
동작관악,동작구,상현중학교,http://www.상현중.kr, 공립, 공학, 156-030,서울 동작구 사당로2길 2-19, 02-815-5375,7,7,6,1,217,102,229,113,211,92,31.3,36,32,3,1,3,1,25,
동작관악,관악구,신관중학교,http://www.shingwan.ms.kr, 공립, 공학, 151-015,서울특별시 관악구 신림로48길 17-16, 02-885-6893,5,5,5,1,142,69,149,82,151,76,27.6,28,24,5,4,2,1,21,
동작관악,관악구,신림중학교,http://www.shillim.ms.kr, 공립, 공학, 151-856,서울특별시 관악구 신림로 40, 02-882-7706,6,5,5,1,178,60,174,65,172,73,30.8,33,23,2,1,3, - ,17,
동작관악,동작구,영등포중학교,http://www.yeongdeungpo.ms.kr, 공립, 공학, 156-807,서울특별시 동작구 등용로8길 5 영등포중학교, 02-815-6572,4,6,5,1,100,48,159,70,134,74,24.6,32,21,5,5,4,2,19,
동작관악,관악구,인헌중학교,http://inhun.ms.kr, 공립, 공학, 151-814,"서울특별시 관악구 인헌9길 , 35", 02-877-0047,10,10,10,1,281,139,297,150,307,159,28.5,53,45,6,5,4,2,33,
동작관악,동작구,장승중학교,http://jangseung.ms.kr, 공립, 공학, 156-838,서울특별시 동작구 장승배기로10가길 25, 02-812-4415,8,8,8,2,246,133,286,151,264,148,30.6,45,37,10,6,4,2,27,
동작관악,관악구,광신중학교,http://www.kwangshin.ms.kr, 사립, 공학, 151-863,서울특별시 관악구 광신길 141, 02-881-8512,5,5,5, - ,148,61,157,55,169,71,31.6,29,10,3,2,4, - ,17,
동작관악,관악구,남강중학교,http://www.namkang.ms.kr, 사립, 남자, 151-880,서울특별시 관악구 난곡로34길 80, 02-839-1709,7,8,8, - ,184, - ,191, - ,229, - ,26.3,38,14,5,3,4, - ,23,
동작관악,동작구,동양중학교,http://www.dongyang.ms.kr, 사립, 남자, 156-060,서울특별시 동작구 흑석로9길 94, 02-814-9651,6,8,8, - ,146, - ,182, - ,175, - ,22.9,33,14,8,5,4, - ,24,
동작관악,관악구,서울문영여자중학교,http://www.moonyoung-gms.seoul.kr, 사립, 여자, 151-723,"서울특별시 관악구 관악로 85 , 서울문영여자중학교", 02-871-8923,5,5,5, - ,130,130,146,146,127,127,26.9,29,14, - , - ,4,1,16,
동작관악,동작구,성남중학교,http://www.sungnam.ms.kr, 사립, 남자, 156-809,서울특별시 동작구 대방동길 74, 02-815-1334,8,8,8, - ,264, - ,279, - ,275, - ,34.1,43,11,4,2,4,1,25,
동작관악,관악구,성보중학교,http://www.sungbo.ms.kr, 사립, 공학, 151-015,"서울특별시 관악구 남부순환로156길 39 , 성보중학교", 02-3281-1793,9,9,10, - ,244,120,285,117,311,141,30,44,15,9,8,5,1,28,
동작관악,동작구,숭의여자중학교,http://seg.ms.kr, 사립, 여자, 156-807,서울특별시 동작구 여의대방로36길 79, 02-810-7700,6,6,6, - ,204,204,202,202,204,204,33.9,31,22,4,3,4,2,22,
동작관악,동작구,중앙대학교사범대학부속중학교,http://www.cau.ms.kr, 사립, 공학, 156-859,서울특별시 동작구 서달로 124, 02-827-9114,10,10,11, - ,301,190,325,211,359,242,31.8,52,25,4, - ,5,1,31,
성동광진,성동구,경수중학교,http://www.gsu.ms.kr, 공립, 공학, 133-826,서울특별시 성동구 뚝섬로13길 14, 02-464-0675,6,6,7,2,180,92,169,66,217,114,27,37,28,4,2,4,2,25,
성동광진,성동구,경일중학교,http://kyungil.ms.kr, 공립, 공학, 133-110,"서울특별시 성동구 성수일로 27 , 경일중학교", 02-468-0651,5,6,6, - ,128,67,161,75,177,88,27.4,31,26,4,1,3,2,18,
성동광진,광진구,광남중학교,http://www.gwangnam.ms.kr, 공립, 공학, 143-815,서울특별시 광진구 아차산로70길 17-62, 02-456-8792,12,15,14, - ,385,174,506,233,455,214,32.8,66,51,11,6,3,1,46,
성동광진,광진구,광양중학교,http://www.kwangyang.ms.kr, 공립, 공학, 143-873,서울특별시 광진구 자양로3길 7, 02-452-6922,7,8,8, - ,189,87,261,112,257,117,30.7,42,31,8,5,2, - ,23,
성동광진,광진구,광장중학교,http://www.gwangjang.ms.kr, 공립, 공학, 143-811,"서울특별시 광진구 광장로1길 1 , 나동 광장중학교", 02-452-0745,10,10,10, - ,322,120,300,115,300,148,30.7,54,37,6,5,4,2,34,
성동광진,광진구,광진중학교,http://gwangjin.ms.kr, 공립, 공학, 143-875,서울특별시 광진구 뚝섬로64길 45, 02-447-2886,6,8,7,2,181,86,216,99,229,100,27.2,40,30,5,4,4,2,2,
성동광진,성동구,광희중학교,http://www.kwanghee.ms.kr, 공립, 공학, 133-852,서울특별시 성동구 독서당로62길 46, 02-2298-0251,10,10,10,2,308,143,331,147,306,139,29.5,53,46,5,3,4,2,32,
성동광진,광진구,구의중학교,http://www.guui.ms.kr, 공립, 공학, 143-926,서울특별시 광진구 광나루로30길 80, 02-447-4798,7,8,9,1,209,45,231,51,276,57,28.6,41,33,8,5,4, - ,33,
성동광진,성동구,동마중학교,http://www.dongma.ms.kr, 공립, 공학, 133-811,서울특별시 성동구 마조로11길 18, 02-2294-6085,6,7,7,2,178,84,200,100,211,108,26.8,35,29,7,6,4,1,24,
성동광진,성동구,마장중학교,http://mj.ms.kr, 공립, 공학, 133-815,서울특별시 성동구 마장로35나길 31, 02-2282-2944,6,7,7, - ,166,89,215,103,223,113,30.2,36,27, - , - ,4,1,23,
성동광진,성동구,무학중학교,http://muhakg.ms.kr, 공립, 공학, 133-870,"서울특별시 성동구 행당로 120 , 무학중학교", 02-2298-6141,11,12,12, - ,349,174,373,200,379,216,31.5,60,46,12,9,5,2,35,
성동광진,성동구,성수중학교,http://seongsu.ms.kr, 공립, 공학, 133-923,서울특별시 성동구 서울숲길 18, 02-467-7031,4,6,5, - ,123,60,161,75,158,90,29.5,30,23,2,1,2,1,26,
성동광진,성동구,성원중학교,http://www.sungwon.ms.kr, 공립, 공학, 133-827,서울특별시 성동구 성덕정9가길 13, 02-3408-2516,5,6,5,1,134,73,179,73,164,86,28.1,31,25,6,4,3, - ,21,
성동광진,광진구,신양중학교,http://shinyang.ms.kr, 공립, 공학, 143-844,"서울특별시 광진구 자양강변길 73 , 신양중학교", 02-461-1066,5,7,6, - ,138,60,188,84,174,84,27.8,31,25,7,3,2, - ,19,
성동광진,광진구,양진중학교,http://yangjin.ms.kr/, 공립, 공학, 143-812,서울특별시 광진구 워커힐로 32, 02-2049-1200,10,12,11,2,340,180,410,210,355,167,31.6,57,45,8,6,3,1,36,
성동광진,성동구,옥정중학교,http://www.okjung.ms.kr, 공립, 공학, 133-839,서울특별시 성동구 한림말길 11, 02-2297-4604,9,9,9,2,269,131,275,138,283,137,28.5,48,38,8,6,4, - ,34,
성동광진,광진구,용곡중학교,http://www.yonggok.ms.kr, 공립, 공학, 143-907,서울특별시 광진구 용마산로22길 76, 02-452-2622,11,14,14, - ,346,183,433,213,448,234,31.5,66,51,9,7,2,1,39,
성동광진,광진구,자양중학교,http://www.jayang.ms.kr, 공립, 공학, 143-861,서울특별시 광진구 뚝섬로41길 33, 070-4673-3715,9,12,12,2,299,131,390,192,396,184,31,58,43,8,4,4, - ,37,
성동광진,성동구,행당중학교,http://www.haengdang.ms.kr, 공립, 공학, 133-862,서울특별시 성동구 왕십리로 189, 02-2293-6721,5,6,7, - ,121,53,170,90,177,85,26,34,25,2,1,3, - ,18,
성동광진,광진구,건국대학교사범대학부속중학교,http://www.konkuk.ms.kr, 사립, 공학, 143-701,서울특별시 광진구 자양로 145-1, 02-457-0317,8,10,10, - ,265,54,294,63,305,64,30.9,42,15,9,5,5, - ,29,
성동광진,광진구,대원국제중학교,http://daewon.ms.kr, 사립, 공학, 143-713,"서울특별시 광진구 용마산로22길 26  , 대원국제중학교", 02-2204-1582,5,5,5, - ,164,97,166,94,162,86,32.8,25,10,4,3,5, - ,21,
성동광진,광진구,동국대학교사범대학부속여자중학교,http://www.donggukgirls.ms.kr, 사립, 여자, 143-824,서울특별시 광진구 광나루로36길 47, 02-6948-2280,7,10,10, - ,215,215,280,280,293,293,29.2,45,28,5,4,4,1,27,
성동광진,성동구,한양대학교사범대학부속중학교,http://www.hanyang-ag.ms.kr, 사립, 공학, 133-817,서울특별시 성동구 마조로 42, 02-2200-3700,8,9,9, - ,199,101,252,131,250,125,27,46,31,3,3,5, - ,27,
성북,성북구,서울대학교사범대학부설중학교,http://www.snu.ms.kr, 국립, 남자, 136-858,"서울특별시 성북구 월곡로 36 , 월곡로 36", 02-943-5812,8,8,8,1,256, - ,274, - ,269, - ,32,45,24,7,6,3,1,25,
성북,강북구,강북중학교,http://www.kangbuk.ms.kr/, 공립, 공학, 142-878,서울특별시 강북구 한천로150길 67, 02-999-4104,6,7,7,2,204,122,230,130,217,146,29.6,35,24,10,6,5,2,29,
성북,성북구,개운중학교,http://www.gw.ms.kr, 공립, 공학, 136-814,서울특별시 성북구 북악산로 935, 02-3291-5492,7,7,6, - ,227,138,248,144,203,117,33.9,33,26,6,3,4,1,29,
성북,성북구,길음중학교,http://www.gireum.ms.kr, 공립, 공학, 136-807,"서울특별시 성북구 길음로 142 ,", 02-910-8770,8,8,8,1,256,117,239,110,238,124,29.3,41,27,9,8,4,1,25,
성북,강북구,미양중학교,http://www.mi-yang.ms.kr, 공립, 공학, 142-822,서울특별시 강북구 인수봉로 39, 02-981-6872,6,6,6,2,235,116,213,117,205,97,32.7,31,21,9,7,4,1,20,
성북,강북구,번동중학교,http://www.beondong.ms.kr, 공립, 공학, 142-862,서울특별시 강북구 오현로35길 87, 02-945-0168,7,8,8,2,238,135,284,139,268,135,31.6,41,29,7,3,4,2,29,
성북,성북구,북악중학교,http://www.bugak.ms.kr, 공립, 공학, 136-842,서울특별시 성북구 정릉로12길 41, 02-910-2311,6,6,6,1,184,121,145,66,192,80,27.4,31,20,6,5,4,1,20,
성북,강북구,삼각산중학교,www.samgaksan.ms.kr, 공립, 공학, 142-100,서울특별시 강북구 삼양로   19길 141, 02-986-0196,10,13,12, - ,373,176,486,232,446,225,37.3,55,44,16,15,4,1,35,
성북,성북구,삼선중학교,http://www.samseon.ms.kr, 공립, 남자, 136-034,서울특별시 성북구 동소문로3길 69, 02-742-1147,6,7,8,2,201, - ,245, - ,266, - ,31,35,26,9,8,4,1,23,
성북,성북구,석관중학교,http://www.seokgwan.ms.kr, 공립, 공학, 136-816,서울특별시 성북구 한천로 526, 02-962-2276,8,9,9,2,258,146,303,185,277,168,29.9,44,36,17,15,4,2,28,
성북,강북구,수송중학교,http://soosong.ms.kr, 공립, 공학, 142-865,서울특별시 강북구 한천로122길 21, 070-4373-9912,6,8,8,1,190,64,267,95,279,108,32,37,31,11,8,4,1,23,
성북,강북구,수유중학교,http://www.suyu.ms.kr, 공립, 공학, 142-886,서울특별시 강북구 인수봉로37길 40, 02-945-6107,6,7,8,1,185,63,214,79,240,98,29,36,28,11,10,5,2,27,
성북,성북구,숭곡중학교,http://www.soonggok.ms.kr, 공립, 공학, 136-130,서울특별시 성북구 종암로 208, 02-912-7572,7,8,8,2,219,120,238,132,233,126,27.6,40,29,7,6,4,2,28,
성북,성북구,월곡중학교,http://www.wolgok.ms.kr, 공립, 공학, 136-120,서울특별시 성북구 장월로 6, 02-6496-6600,7,8,8,1,226,152,262,178,253,159,30.9,39,29,9,8,4,2,28,
성북,강북구,인수중학교,http://www.insu.ms.kr, 공립, 공학, 142-882,서울특별시 강북구 인수봉로75길 10, 02-900-7801,7,7,7,1,220,138,221,116,227,140,30.4,38,28,7,5,4,2,25,
성북,성북구,장위중학교,http://www.jangwi.ms.kr, 공립, 공학, 136-836,서울특별시 성북구 장위로4길 70, 02-941-1672,8,8,9, - ,239,123,269,137,288,159,31.8,42,34,7,6,4, - ,25,
성북,성북구,종암중학교,http://www.jongam.ms.kr, 공립, 공학, 136-860,서울특별시 성북구 종암로5길 80-17, 02-928-7041,8,8,9,2,254,181,241,155,298,211,29.4,43,35,14,14,4,1,30,
성북,강북구,화계중학교,http://www.hwagye.ms.kr, 공립, 공학, 142-886,서울특별시 강북구 화계사길 63, 02-986-3073,6,8,7,2,189,96,256,117,234,78,29.5,38,29,11,10,4,2,32,
성북,성북구,고려대학교사범대학부속중학교,http://www.koryo.ms.kr, 사립, 공학, 136-703,"서울특별시 성북구 정릉로 161 , 고대부속중학교", 02-914-8853,10,12,12, - ,308,155,408,213,375,193,32.1,54,25,7,4,5, - ,34,
성북,성북구,고명중학교,http://www.komyung.ms.kr, 사립, 남자, 136-890,"서울특별시 성북구 북악산로 870 , 고명중학교", 02-926-2886,6,6,6, - ,187, - ,191, - ,188, - ,31.4,30,22,4,3,4,2,18,
성북,성북구,남대문중학교,http://www.namdaemoon.ms.kr, 사립, 남자, 136-831,서울특별시 성북구 한천로95길 28, 02-942-3184,10,10,10, - ,251, - ,284, - ,285, - ,27.3,49,19,15,13,5,2,30,
성북,성북구,동구여자중학교,http://www.dong-gu.ms.kr, 사립, 여자, 136-825,서울특별시 성북구 성북로8길 71, 02-762-2198,7,7,7, - ,175,175,234,234,230,230,30.4,33,21,7,6,4,1,21,
성북,강북구,서라벌중학교,http://sorabol.ms.kr, 사립, 남자, 142-892,서울특별시 강북구 삼양로155길 37-9, 070-8280-4653,5,6,6, - ,131, - ,176, - ,171, - ,28.1,28,10,3,2,4, - ,18,
성북,성북구,성신여자중학교,http://www.sung-shin.ms.kr, 사립, 여자, 136-060,서울특별시 성북구 북악산로 918, 02-3290-7874,8,8,8, - ,216,216,288,288,257,257,31.7,41,29,3,3,5,3,24,
성북,강북구,성암여자중학교,http://www.seongam.ms.kr, 사립, 여자, 142-816,서울특별시 강북구 도봉로29길 52, 02-2179-1813,8,8,9, - ,240,240,259,259,271,271,30.8,43,29,2,1,4,1,25,
성북,강북구,신일중학교,http://www.shin-il.ms.kr, 사립, 남자, 142-711,서울특별시 강북구 솔매로49길 20, 02-944-9850,5,5,5, - ,148, - ,169, - ,179, - ,33.1,27,5,1,1,4,1,15,
성북,강북구,영훈국제중학교,http://www.younghoon.ms.kr, 사립, 공학, 142-709,서울특별시 강북구 도봉로13가길 19, 02-944-7883,5,5,5, - ,163,94,162,97,157,84,32.1,21,7,6,5,5,3,26,
성북,성북구,용문중학교,http://www.ymoon.ms.kr, 사립, 남자, 136-072,"서울특별시 성북구 인촌로 17가길 , 46", 02-928-3871,5,5,5, - ,122, - ,159, - ,137, - ,27.9,26,7,3,1,4, - ,15,
성북,강북구,창문여자중학교,http://www.changmun.ms.kr, 사립, 여자, 142-802,서울특별시 강북구 월계로 61 창문여자중학교, 02-986-1703,6,6,6, - ,194,194,208,208,203,203,33.6,28,18,7,6,4,1,18,
성북,성북구,한성여자중학교,http://hansunggm.net/, 사립, 여자, 136-042,서울특별시 성북구 삼선교로16길 118, 02-742-2542,7,7,8, - ,171,171,184,184,220,220,26.1,34,15,3,2,3, - ,22,
성북,성북구,홍익대학교사범대학부속중학교,http://www.hongik.ms.kr, 사립, 남자, 136-825,"서울특별시 성북구 성북로14가길 23 , 홍익대학교사범대학부속중학교", 02-762-0824,6,7,7, - ,195, - ,223, - ,217, - ,31.8,30,12,10,7,4, - ,26,
"* 교원수 : 재직, 휴직, 파견 포함. 기간제는 4. 1현재 재직 중 교원 모두 포함",,,,,,,,,,,,,,,,,,,,,,,,,,,
* 학급당 학생수 : 학생수 계/학급 계,,,,,,,,,,,,,,,,,,,,,,,,,,,
