키,업종,상호,주소,도로명주소,행정 시,행정 구,행정 동,객실수,비고
BE_LiST20-0546,외국인관광도시민박업,현준게스트하우스,,서울특별시 영등포구 영등포동7가 46-1번지 ,서울특별시,영등포구,영등포동,1,
BE_LiST20-0547,외국인관광도시민박업,어반아트게스트하우스,,서울특별시 영등포구 문래동3가 58-77 2층,서울특별시,영등포구,문래동,3,
BE_LiST20-0548,외국인관광도시민박업,해피하우스홈스테이,,"서울특별시 동작구 장승배기로 26, 105동 1802호 (상도동,아이파크상도동)",서울특별시,동작구,상도2동,3,
BE_LiST20-0549,외국인관광도시민박업,수니홈스테이,,"서울특별시 동작구 상도로53길 8, 316동 404호 (상도동,래미안상도3차아파트)",서울특별시,동작구,상도1동,1,
BE_LiST20-0550,외국인관광도시민박업,HAO HAO,,서울특별시 동작구 동작대로45길 22 (동작동),서울특별시,동작구,사당2동,2,
BE_LiST20-0551,외국인관광도시민박업,e-편한세상,,"서울특별시 동작구 알마타길 37, 103동 903호 (대방동, 대방1차 e-편한세상 A)",서울특별시,동작구,대방동,1,
BE_LiST20-0552,외국인관광도시민박업,그리나하우스 (Grina house),,"서울특별시 동작구 사당로27길 130, 108동 101호 (사당동, 이수역 리가 아파트)",서울특별시,동작구,사당3동,2,
BE_LiST20-0553,외국인관광도시민박업,Peace On House,,"서울특별시 동작구 노량진로28길 16, 101호 (본동)",서울특별시,동작구,노량진1동,2,
BE_LiST20-0554,외국인관광도시민박업,Ordinary People,,"서울특별시 동작구 사당로26가길 5, 202호 (사당동)",서울특별시,동작구,사당1동,1,
BE_LiST20-0555,외국인관광도시민박업,Sadang Mom's House,,"서울특별시 동작구 남부순환로261길 12, C동 302호 (사당동)",서울특별시,동작구,사당1동,2,
BE_LiST20-0556,외국인관광도시민박업,경림(KYUNG RIM),,"서울시 동작구 여의대방로 44길 22, 101-1905",서울특별시,동작구,대방동,2,
BE_LiST20-0557,외국인관광도시민박업,킴스 훼미리 하우스,,동작구 현충로 151 107동 1302호,서울특별시,동작구,사당2동,1,
BE_LiST20-0558,외국인관광도시민박업,서울 길 게스트하우스,,"동작구 매봉로4길 8, 은하수빌라 402호",서울특별시,동작구,상도1동,2,
BE_LiST20-0559,외국인관광도시민박업,아르떼하우스(Aret House),,동작구 장승배기로 24길 19,서울특별시,동작구,노량진1동,2,
BE_LiST20-0560,외국인관광도시민박업,오케이 게스트하우스,,동작구 알마타길 21-18,서울특별시,동작구,대방동,4,
BE_LiST20-0561,외국인관광도시민박업,서울 웤스,,동작구 만양로 20-6(상도동),서울특별시,동작구,상도2동,3,
BE_LiST20-0562,외국인관광도시민박업,코리아게스트하우스,,"서울특별시 관악구 은천로 93, 205동 803호 (봉천동, 벽산블루밍아파트)",서울특별시,관악구,은천동,1,
BE_LiST20-0563,외국인관광도시민박업,그레이스빌,,"서울특별시 관악구 승방길 36, 402호 (남현동, 금호파크빌리지)",서울특별시,관악구,남현동,1,
BE_LiST20-0564,외국인관광도시민박업,아씨방,,"서울특별시 관악구 남부순환로260길 83, 102호 (남현동, 예촌하이츠빌)",서울특별시,관악구,남현동,1,
BE_LiST20-0565,외국인관광도시민박업,신림빌,,"서울특별시 관악구 조원로31길 17, A동 302호 (신림동, 삼성맨션)",서울특별시,관악구,신사동,1,
BE_LiST20-0566,외국인관광도시민박업,엠디,,"서울특별시 관악구 은천로 93, 108동 2505호 (봉천동, 벽산블루밍아파트)",서울특별시,관악구,은천동,1,
BE_LiST20-0567,외국인관광도시민박업,Cozy Lodge,,"서울특별시 관악구 성현로 80, 107동 701호 (봉천동, 관악드림타운아파트)",서울특별시,관악구,성현동,2,
BE_LiST20-0568,외국인관광도시민박업,앨리스 홈스테이,,"서울특별시 관악구 성현로 80, 122동 801호 (봉천동, 관악드림타운아파트)",서울특별시,관악구,성현동,2,
BE_LiST20-0569,외국인관광도시민박업,언덕위에 집,,"서울특별시 관악구 문성로38라길 36, 101동 303호 (신림동, 양지쉐르빌)",서울특별시,관악구,신원동,1,
BE_LiST20-0570,외국인관광도시민박업,Kay's house,,"서울특별시 관악구 관악로11길 57, 201호 (봉천동, 동명빌라)",서울특별시,관악구,청룡동,1,
BE_LiST20-0571,외국인관광도시민박업,서울리스트,,"서울특별시 관악구 승방9길 22, 302호 (남현동, 리더스빌 남현2차)",서울특별시,관악구,남현동,2,
BE_LiST20-0572,외국인관광도시민박업,Warm House,,"서울특별시 관악구 성현로 80, 117동 1302호 (봉천동, 관악드림타운)",서울특별시,관악구,성현동,4,
BE_LiST20-0573,외국인관광도시민박업,굿데이게스트하우스,,"서울특별시 관악구 난곡로 55, 204동 104호 (신림동, 관악산휴먼시아2단지아파트)",서울특별시,관악구,난향동,1,
BE_LiST20-0574,외국인관광도시민박업,유니하우스,,"서울특별시 관악구 성현로 80, 119동 1802호 (봉천동, 관악드림타운)",서울특별시,관악구,성현동,1,
BE_LiST20-0575,외국인관광도시민박업,지호하우스,,"서울특별시 관악구 호암로 399, 302동 102호 (신림동, 삼성산주공아파트)",서울특별시,관악구,삼성동,1,
BE_LiST20-0576,외국인관광도시민박업,Carol's Home,,"서울특별시 관악구 성현로 80, 135동 701호 (봉천동, 관악드림타운아파트)",서울특별시,관악구,성현동,1,
BE_LiST20-0577,외국인관광도시민박업,Kim n Jeong's house,,"서울특별시 관악구 호암로 399, 307동 803호 (신림동, 삼성산주공아파트)",서울특별시,관악구,삼성동,,
BE_LiST20-0578,외국인관광도시민박업,Tanya's house,,"서울특별시 관악구 관악로30길 12, 105동 205호 (봉천동, 우성아파트)",서울특별시,관악구,행운동,,
BE_LiST20-0579,외국인관광도시민박업,Green forest village,,"서울특별시 관악구 남부순환로256다길 38, 5층 501호 (남현동, 그린숲)",서울특별시,관악구,남현동,,
BE_LiST20-0580,외국인관광도시민박업,현대 게스트 하우스,,"서울특별시 관악구 대학20길 27, 102동 7층 707호 (신림동, 현대아파트)",서울특별시,관악구,대학동,,
BE_LiST20-0581,외국인관광도시민박업,Top guest house,,"서울특별시 관악구 서원길 27-12, 3층 (신림동)",서울특별시,관악구,서원동,,
BE_LiST20-0582,외국인관광도시민박업,Song's BNB,,"서울특별시 서초구 남부순환로323길 38-16, 102동 15층 1506호 (서초동, 한신플러스타운)",서울특별시,서초구,서초3동,2,
BE_LiST20-0583,외국인관광도시민박업,SeoulStay,,"서울특별시 서초구 반포대로 122, B동 8층 804호 (서초동, 현대ESA2차아파트)",서울특별시,서초구,서초3동,2,
BE_LiST20-0624,외국인관광도시민박업,케이 스타로드,,"강남구 도산대로89길 49 102동 1504호(청담동, 건영아파트)",서울특별시,강남구,청담동,2,
BE_LiST20-0470,외국인관광도시민박업,스테이 나우,,서울특별시 마포구 동교로 266-8 (연남동),서울특별시,마포구,연남동,7,
BE_LiST20-0471,외국인관광도시민박업,홍대 하우스,,"서울특별시 마포구 독막로12길 13, 나동 202호 (당인동)",서울특별시,마포구,서강동,2,
BE_LiST20-0472,외국인관광도시민박업,10 게스트하우스,,"서울특별시 마포구 새창로 28, 2층 (도화동)",서울특별시,마포구,도화동,3,
BE_LiST20-0473,외국인관광도시민박업,마루 게스트하우스,,"서울특별시 마포구 독막로7길 27, 6층 (서교동)",서울특별시,마포구,서교동,3,
BE_LiST20-0474,외국인관광도시민박업,007 게스트하우스 1,,"서울특별시 마포구 월드컵북로6길 79, 3층 (연남동)",서울특별시,마포구,연남동,3,
BE_LiST20-0475,외국인관광도시민박업,007 게스트하우스 2,,"서울특별시 마포구 월드컵북로6길 79, 4층 (연남동)",서울특별시,마포구,연남동,2,
BE_LiST20-0476,외국인관광도시민박업,조코하우스,,"서울특별시 마포구 성미산로1길 68-30, 401호 (성산동)",서울특별시,마포구,성산1동,4,
BE_LiST20-0477,외국인관광도시민박업,LikeU,,"서울특별시 마포구 와우산로35길 53, 5층 (서교동)",서울특별시,마포구,서교동,3,
BE_LiST20-0478,외국인관광도시민박업,그레이프가든 하우스,,"서울특별시 마포구 와우산로29가길 54-11, 3층 (서교동)",서울특별시,마포구,서교동,7,
BE_LiST20-0479,외국인관광도시민박업,하우스테이 2호점,,서울특별시 마포구 양화로18안길 28-6 (동교동),서울특별시,마포구,서교동,9,
BE_LiST20-0480,외국인관광도시민박업,서울 구경,,"서울특별시 마포구 와우산로29길 20, 4층 (서교동)",서울특별시,마포구,서교동,5,
BE_LiST20-0481,외국인관광도시민박업,Elena's House,,"서울특별시 마포구 동교로27길 80, 2~3층 (연남동)",서울특별시,마포구,연남동,3,
BE_LiST20-0482,외국인관광도시민박업,The win art house,,"서울특별시 마포구 양화로7길 4-13, 4~5층 (서교동)",서울특별시,마포구,서교동,1,
BE_LiST20-0483,외국인관광도시민박업,바로 아토,,서울특별시 마포구 동교로 212-22 (동교동),서울특별시,마포구,서교동,11,
BE_LiST20-0484,외국인관광도시민박업,J&J,,"서울특별시 마포구 월드컵로8길 45-12, 202호 (서교동, 청기와주택)",서울특별시,마포구,서교동,2,
BE_LiST20-0485,외국인관광도시민박업,케이 플러스 와이,,"서울특별시 마포구 와우산로35길 17, 402호 (서교동, 각산타운)",서울특별시,마포구,서교동,1,
BE_LiST20-0486,외국인관광도시민박업,Hongdae 3 room house,,"서울특별시 마포구 홍익로2길 27-20, 2층 (서교동)",서울특별시,마포구,서교동,2,
BE_LiST20-0487,외국인관광도시민박업,리안 게스트하우스,,"서울특별시 마포구 어울마당로 144, 4층 (서교동)",서울특별시,마포구,서교동,5,
BE_LiST20-0488,외국인관광도시민박업,에가호 게스트하우스,,서울특별시 마포구 연남로5길 30-9 (연남동),서울특별시,마포구,연남동,8,
BE_LiST20-0489,외국인관광도시민박업,미소 게스트하우스 2,,"서울특별시 마포구 신촌로2안길 6, 202호 (동교동)",서울특별시,마포구,서교동,1,
BE_LiST20-0490,외국인관광도시민박업,나누 게스트하우스 핑크,,"서울특별시 마포구 양화로23길 4-7, 101호 (동교동)",서울특별시,마포구,서교동,2,
BE_LiST20-0491,외국인관광도시민박업,이화 게스트하우스,,"서울특별시 마포구 와우산로37길 38, 302호 (동교동)",서울특별시,마포구,서교동,2,
BE_LiST20-0492,외국인관광도시민박업,공덕정,,"서울특별시 마포구 새창로 28, 3층 (도화동)",서울특별시,마포구,도화동,3,
BE_LiST20-0493,외국인관광도시민박업,앨리스 게스트하우스,,"서울특별시 마포구 와우산로30길 60, 1~2층 (창전동)",서울특별시,마포구,서강동,3,
BE_LiST20-0494,외국인관광도시민박업,JS Home,,"서울특별시 마포구 신촌로4길 5-7, 202호 (동교동)",서울특별시,마포구,서교동,1,
BE_LiST20-0495,외국인관광도시민박업,내딛고,,"서울특별시 마포구 월드컵로11길 83-8, 201호 (망원동)",서울특별시,마포구,망원1동,1,
BE_LiST20-0496,외국인관광도시민박업,Super 7,,"서울특별시 마포구 동교로23길 61, 5층 (연남동)",서울특별시,마포구,연남동,2,
BE_LiST20-0497,외국인관광도시민박업,하우스테이,,"서울특별시 마포구 어울마당로 136-24, B01호 (서교동)",서울특별시,마포구,서교동,3,
BE_LiST20-0498,외국인관광도시민박업,A Little Nap 2,,"서울특별시 마포구 신촌로2안길 47, 102호 (동교동)",서울특별시,마포구,서교동,2,
BE_LiST20-0499,외국인관광도시민박업,우앤우 하우스,,"서울특별시 마포구 독막로4길 31-5, 301호 (합정동, 대명아트빌)",서울특별시,마포구,합정동,2,
BE_LiST20-0500,외국인관광도시민박업,성린,,"서울특별시 마포구 어울마당로 136-10, 3층 (서교동)",서울특별시,마포구,서교동,2,
BE_LiST20-0501,외국인관광도시민박업,B house,,"서울특별시 마포구 성미산로28길 31, 지층일부~1층 (연남동)",서울특별시,마포구,연남동,5,
BE_LiST20-0502,외국인관광도시민박업,리앤노1게스트하우스,,"서울특별시 마포구 연남로3길 18-9, 3층 (연남동)",서울특별시,마포구,연남동,1,
BE_LiST20-0503,외국인관광도시민박업,리앤노게스트하우스,,"서울특별시 마포구 연남로3길 18-9, 4층 (연남동)",서울특별시,마포구,연남동,1,
BE_LiST20-0504,외국인관광도시민박업,대원 하우스,,서울특별시 양천구 목동 808-5번지 대원칸타빌 아파트 101동 509호,서울특별시,양천구,목1동,1,
BE_LiST20-0505,외국인관광도시민박업,목동 하우스,,서울특별시 양천구 목동 901번지 목동1단지아파트 120동 703호,서울특별시,양천구,목5동,1,
BE_LiST20-0506,외국인관광도시민박업,현대하이페리온,,서울특별시 양천구 목동 916번지 목동현대하이페이온 102동 3807호,서울특별시,양천구,목1동,1,
BE_LiST20-0507,외국인관광도시민박업,The Cosy House,,서울특별시 양천구 목동 901번지 목동신시가지아파트 126동 308호 ,서울특별시,양천구,목5동,1,
BE_LiST20-0508,외국인관광도시민박업,Jay's House,,서울특별시 양천구 목동 646-7번지 ,서울특별시,양천구,목3동,1,
BE_LiST20-0509,외국인관광도시민박업,메종드김,,서울특별시 양천구 목동 318-214번지 ,서울특별시,양천구,목3동,1,
BE_LiST20-0625,외국인관광도시민박업,유끼네,,"강남구 언주로 406, 33동 901호 (역삼동, 개나리아파트)",서울특별시,강남구,역삼2동,2,
BE_LiST20-0626,외국인관광도시민박업,해피하우스,,"강남구 압구정로48길 15, 101동 406호 (신사동, 대원칸타빌아파트)",서울특별시,강남구,압구정동,2,
BE_LiST20-0627,외국인관광도시민박업,24게스트하우스  강남센터,,강남구 봉은사로20길 52(역삼동),서울특별시,강남구,역삼1동,8,
BE_LiST20-0628,외국인관광도시민박업,판다고 게스트하우스,,강남구 논현로153길 20-2(신사동),서울특별시,강남구,신사동,3,
BE_LiST20-0629,외국인관광도시민박업,헬레나 홈스테이,,"강남구 도곡로93길 12,  206동 102호 (대치동, 래미안 대치하이스턴아파트)",서울특별시,강남구,대치2동,2,
BE_LiST20-0630,외국인관광도시민박업,데니스하우스,,"강남구 봉은사로68길 65,  401호(삼성동)",서울특별시,강남구,삼성2동,2,
BE_LiST20-0631,외국인관광도시민박업,제이지 하우스,,"강남구 도산대로15길 21, 202호(신사동)",서울특별시,강남구,신사동,1,
BE_LiST20-0632,외국인관광도시민박업,유스 게스트하우스,,"강남구 봉은사로43길 21-1, 402호(논현동)",서울특별시,강남구,논현2동,1,
BE_LiST20-0633,외국인관광도시민박업,코엑스비앤비하우스,,"강남구 봉은사로109길 53, 나동 203호(삼성동, (아남하이츠빌라)",서울특별시,강남구,삼성1동,3,
BE_LiST20-0634,외국인관광도시민박업,아이니게스트하우스,,"강남구 봉은사로21길 57-16, 301호 (논현동, 태림빌라)",서울특별시,강남구,논현1동,2,
BE_LiST20-0635,외국인관광도시민박업,케이걸 하우스,,"강남구 학동로67길 20, 나동 303호(청담동, 영동 골든빌라)",서울특별시,강남구,청담동,2,
BE_LiST20-0636,외국인관광도시민박업,세일게스트하우스,,"강남구 테헤란로51길 28, 101호(역삼동, 세일빌라)",서울특별시,강남구,역삼1동,5,
BE_LiST20-0637,외국인관광도시민박업,지니스,,"강남구 역삼로 309, 103동 1002호(역삼동,래미안펜타빌(아))",서울특별시,강남구,역삼2동,1,
BE_LiST20-0638,외국인관광도시민박업,하루게스트하우스,,"강남구 테헤란로21길 14, 301호(역삼동)",서울특별시,강남구,역삼1동,2,
BE_LiST20-0639,외국인관광도시민박업,제나스위트,,"강남구 논현로175길 59-4, 4,5층(신사동)",서울특별시,강남구,신사동,6,
BE_LiST20-0640,외국인관광도시민박업,무아게스트하우스,,"강남구 도산대로85길 40, 1층 1호(청담동)",서울특별시,강남구,청담동,1,
BE_LiST20-0641,외국인관광도시민박업,강남스테이힐,,"강남구 테헤란로13길 65, 1,2층(역삼동)",서울특별시,강남구,역삼1동,4,
BE_LiST20-0642,외국인관광도시민박업,해리의 집,,"강남구 일원로 120, 108동 1506호(일원동,샘터마을아파트)",서울특별시,강남구,일원본동,3,
BE_LiST20-0643,외국인관광도시민박업,에프엔하우스,,"강남구 언주로168길 6-7, 1,2층(신사동)",서울특별시,강남구,압구정동,8,
BE_LiST20-0644,외국인관광도시민박업,골드 힐 게스트하우스,,"강남구 강남대로136길 60, 2층(논현동)",서울특별시,강남구,논현1동,6,
BE_LiST20-0645,외국인관광도시민박업,강남 브리즈 힐 게스트하우스,,"강남구 자곡로3길 45, 401동 502호(자곡동,강남브리즈힐아파트)",서울특별시,강남구,세곡동,2,
BE_LiST20-0646,외국인관광도시민박업,가로수길홈스테이,,"강남구 압구정로 18길 14-12,702호(신사동, 우찬아파트)",서울특별시,강남구,신사동,1,
BE_LiST20-0647,외국인관광도시민박업,더 홈 게스트하우스,,"서울시 강남구 테헤란로77길 8, 502호 (삼성동, 삼성우정에쉐르2)",서울특별시,강남구,삼성2동,2,
BE_LiST20-0648,외국인관광도시민박업,화가의 집,,"서울시 강남구 압구정로 79길83-1,라동 102호 (청담동, 우성빌라)",서울특별시,강남구,청담동,2,
BE_LiST20-0649,외국인관광도시민박업,코지룸 인더미들오브강남,,"서울시 강남구 학동로30길 21, 408호 (논현동, 논현베르빌)",서울특별시,강남구,논현2동,3,
BE_LiST20-0650,외국인관광도시민박업,더 자 코엑스,,"강남구 영동대로85길 17, 203호(대치동, 우정 에쉐르 3차 아파트)",서울특별시,강남구,대치2동,4,
BE_LiST20-0651,외국인관광도시민박업,쿨라,,"서울시 강남구 선릉로 148길 15, 5층(청담동)",서울특별시,강남구,청담동,2,
BE_LiST20-0652,외국인관광도시민박업,강남게스트하우스,,"서울시 강남구 강남대로 114길 10, 5층 (논현동)",서울특별시,강남구,논현1동,4,
BE_LiST20-0653,외국인관광도시민박업,퀸빌게스트하우스,,"서울시 강남구 영동대로128길 15, 4동 903호(삼성동, 홍실아파트)",서울특별시,강남구,삼성1동,2,
BE_LiST20-0654,외국인관광도시민박업,홈스테이니어강남코엑스,,"강남구 봉은사로82길 24, 301호 (삼성동, 아셈아파트)",서울특별시,강남구,삼성1동,1,
BE_LiST20-0655,외국인관광도시민박업,멜팅 팟 하우스,,"강남구 논현로 157길 33, 4층 5층(신사동)",서울특별시,강남구,신사동,4,
BE_LiST20-0656,외국인관광도시민박업,이찬규  외국인관광도시민박업,,"서울특별시 송파구 성내천로 87, 101동 508호 (오금동, 우방아파트)",서울특별시,송파구,오금동,1,
BE_LiST20-0657,외국인관광도시민박업,RM Near Gangnam & Samsung Station,,"서울특별시 송파구 올림픽로 99, 128동 1503호 (잠실동, 잠실엘스아파트)",서울특별시,송파구,잠실2동,2,
BE_LiST20-0658,외국인관광도시민박업,러블리 하우스,,"서울특별시 송파구 올림픽로 99, 127동 1101호 (잠실동, 잠실엘스아파트)",서울특별시,송파구,잠실2동,1,
BE_LiST20-0659,외국인관광도시민박업,아름다운 나라,,"서울특별시 송파구 중대로 24, 223동 301호 (문정동, 올림픽훼밀리타운아파트)",서울특별시,송파구,문정2동,2,
BE_LiST20-0660,외국인관광도시민박업,지일이네,,"서울특별시 송파구 중대로 24, 107동 701호 (문정동, 올림픽훼밀리타운아파트)",서울특별시,송파구,문정2동,1,
BE_LiST20-0661,외국인관광도시민박업,Tina`s Homestay,,"서울특별시 송파구 삼학사로19길 7, 5층 (삼전동, 동화빌딩)",서울특별시,송파구,삼전동,1,
BE_LiST20-0468,외국인관광도시민박업,Sunny's East house,,"서울특별시 마포구 동교로38길 26-16, 2층 (연남동)",서울특별시,마포구,연남동,2,
BE_LiST20-0469,외국인관광도시민박업,런드리 피플,,"서울특별시 마포구 새창로 24, 301호 (도화동)",서울특별시,마포구,도화동,2,
BE_LiST20-0584,외국인관광도시민박업,JOY HOME,,"서울특별시 서초구 서초대로65길 13-10, 106동 1604호 (서초동, 서초래미안)",서울특별시,서초구,서초4동,2,
BE_LiST20-0585,외국인관광도시민박업,로얄 홈스테이,,"서울특별시 서초구 남부순환로 2183, 201동 3층 302호 (방배동, 방배래미안타워)",서울특별시,서초구,방배3동,2,
BE_LiST20-0586,외국인관광도시민박업,KOREA SEOUL,,"서울특별시 서초구 남부순환로297길 31, 2층 201호 (방배동, 원일빌라)",서울특별시,서초구,방배3동,2,
BE_LiST20-0587,외국인관광도시민박업,금계,,서울특별시 서초구 마방로 10 (양재동),서울특별시,서초구,양재2동,4,
BE_LiST20-0588,외국인관광도시민박업,더 자 인 강남,,"서울특별시 서초구 서초대로73길 30, 508호 (서초동, 서초성우빌리지)",서울특별시,서초구,서초4동,2,
BE_LiST20-0589,외국인관광도시민박업,수은의집,,"서울특별시 서초구 잠원로 37-48, 209동 101호 (잠원동, 신반포4차아파트)",서울특별시,서초구,반포3동,2,
BE_LiST20-0590,외국인관광도시민박업,PINE TREE 홈스테이,,"서울특별시 서초구 신반포로 270, 101동 1303호 (반포동, 반포자이아파트)",서울특별시,서초구,반포1동,2,
BE_LiST20-0591,외국인관광도시민박업,교대 게스트하우스,,"서울특별시 서초구 사임당로17길 116, 103동 201호 (서초동, 서초삼성래미안)",서울특별시,서초구,서초1동,2,
BE_LiST20-0592,외국인관광도시민박업,강남역 게스트하우스 SJ,,"서울특별시 서초구 강남대로 375, 1202호 (서초동, 서초현대타워아파트)",서울특별시,서초구,서초2동,3,
BE_LiST20-0593,외국인관광도시민박업,COREA,,"서울특별시 서초구 효령로46길 45, 105동 501호 (서초동, 더샾오데움)",서울특별시,서초구,서초3동,2,
BE_LiST20-0594,외국인관광도시민박업,해피강남,,"서울특별시 서초구 강남대로61길 23, 2101호 (서초동, 현대성우주상복합아파트)",서울특별시,서초구,서초4동,2,
BE_LiST20-0595,외국인관광도시민박업,서초그린해피하우스,,"서울특별시 서초구 효령로33길 50, 107동 302호 (방배동, 방배서리풀e-편한세상)",서울특별시,서초구,방배1동,3,
BE_LiST20-0596,외국인관광도시민박업,아울네스트게스트하우스,,"서울특별시 서초구 주흥길 9, 4층 (반포동)",서울특별시,서초구,반포1동,3,
BE_LiST20-0597,외국인관광도시민박업,KW신사,,"서울특별시 서초구 강남대로93길 31-5, 401호 (잠원동)",서울특별시,서초구,잠원동,1,
BE_LiST20-0598,외국인관광도시민박업,오늘 게스트하우스,,서울특별시 서초구 바우뫼로11안길 38-6 (우면동),서울특별시,서초구,양재1동,3,
BE_LiST20-0599,외국인관광도시민박업,홈투홈신사,,서울특별시 서초구 강남대로97길 49-37 (잠원동),서울특별시,서초구,잠원동,2,
BE_LiST20-0600,외국인관광도시민박업,호프홈스테이,,"서울특별시 서초구 사평대로 154, 101동 4층 409호 (반포동)",서울특별시,서초구,반포4동,2,
BE_LiST20-0601,외국인관광도시민박업,소피아하우스,,"서울특별시 서초구 바우뫼로 91, 102동 1103호 (양재동)",서울특별시,서초구,양재1동,2,
BE_LiST20-0602,외국인관광도시민박업,제이하우스,,"서울특별시 서초구 양재대로2길 90, 209동 702호 (우면동)",서울특별시,서초구,양재1동,1,
BE_LiST20-0603,외국인관광도시민박업,신사레지던스 게스트하우스,,"서울특별시 서초구 강남대로101길 39, 3층 (잠원동)",서울특별시,서초구,잠원동,3,
BE_LiST20-0604,외국인관광도시민박업,레나하우스,,"서울특별시 서초구 신반포로 270, 143동 1201호 (반포동)",서울특별시,서초구,반포1동,1,
BE_LiST20-0605,외국인관광도시민박업,초이스,,"서울특별시 서초구 반포대로21길 67, 501동 406호 (서초동)",서울특별시,서초구,서초3동,1,
BE_LiST20-0606,외국인관광도시민박업,로뎀,,서울특별시 서초구 남부순환로297길 45 (방배동),서울특별시,서초구,방배3동,2,
BE_LiST20-0607,외국인관광도시민박업,압구정게스트하우스,,"강남구 압구정로29길 71,   23동 603호(압구정동, 현대아파트)",서울특별시,강남구,압구정동,2,
BE_LiST20-0608,외국인관광도시민박업,민성 게스트하우스,,"강남구 도곡로63길 33, 401호(대치동)",서울특별시,강남구,대치4동,2,
BE_LiST20-0609,외국인관광도시민박업,안 게스트하우스,,"강남구 압구정로34길 33,  22동 102호  (신사동, 현대맨션)",서울특별시,강남구,압구정동,5,
BE_LiST20-0610,외국인관광도시민박업,게스트하우스 더집,,강남구 도산대로19길 47-1(신사동),서울특별시,강남구,신사동,5,
BE_LiST20-0611,외국인관광도시민박업,게스트하우스강남,,"강남구 압구정로34길 33,  22동 202호(신사동, 현대맨션)",서울특별시,강남구,압구정동,4,
BE_LiST20-0612,외국인관광도시민박업,게스트하우스 케이,,강남구 봉은사로4길 31-5(역삼동),서울특별시,강남구,역삼1동,8,
BE_LiST20-0613,외국인관광도시민박업,더 자 가로수,,"강남구 강남대로162길 41-22,  501호(신사동)",서울특별시,강남구,신사동,4,
BE_LiST20-0614,외국인관광도시민박업,래들러,,"강남구 도산대로26길 34-11, 101호(논현동)",서울특별시,강남구,논현1동,1,
BE_LiST20-0615,외국인관광도시민박업,24 게스트하우스 강남,,"강남구 테헤란로43길 19, 4층(역삼동)",서울특별시,강남구,역삼1동,8,
BE_LiST20-0616,외국인관광도시민박업,한강,,"강남구 도산대로89길 49 102동 1805호(청담동, 건영아파트)",서울특별시,강남구,청담동,1,
BE_LiST20-0617,외국인관광도시민박업,선시티 게스트하우스,,"강남구 강남대로146길 7-12, 6층(논현동)",서울특별시,강남구,논현1동,3,
BE_LiST20-0618,외국인관광도시민박업,청담 게스트하우스,,"강남구 도산대로87길 16, 1층(청담동)",서울특별시,강남구,청담동,5,
BE_LiST20-0619,외국인관광도시민박업,빅 존스 플레이스,,"강남구 강남대로110길 31-1, 1,2층(역삼동)",서울특별시,강남구,역삼1동,6,
BE_LiST20-0620,외국인관광도시민박업,올웨이즈 라이크 홈,,"강남구 논현로149길 13-7, 301호(논현동)",서울특별시,강남구,논현1동,3,
BE_LiST20-0621,외국인관광도시민박업,미성 게스트하우스,,"강남구 압구정로 113, 27동 402호 (압구정동, 미성아파트)",서울특별시,강남구,신사동,1,
BE_LiST20-0622,외국인관광도시민박업,피스 게스트하우스,,"강남구 논현로157길 13, 4층(신사동)",서울특별시,강남구,신사동,3,
BE_LiST20-0623,외국인관광도시민박업,24게스트하우스 가로수길점,,"강남구 도산대로13길 31-5, 2층, 3층(신사동)",서울특별시,강남구,신사동,14,
BE_LiST20-0510,외국인관광도시민박업,O.K. House,,서울특별시 양천구 목동 925번지 목동신시가지아파트7단지 721동 1402호,서울특별시,양천구,목1동,1,
BE_LiST20-0511,외국인관광도시민박업,Seoul 910,,서울특별시 양천구 목동 513-22번지 서영빌라 601호,서울특별시,양천구,목2동,1,
BE_LiST20-0512,외국인관광도시민박업,꿈을 이루는 집,,서울특별시 양천구 신월동 416-1번지 보람아파트 102동 701호,서울특별시,양천구,신월4동,1,
BE_LiST20-0513,외국인관광도시민박업,스위트홈,,서울특별시 양천구 신정동 328번지 목동신시가지아파트 1324동 102호,서울특별시,양천구,신정6동,1,
BE_LiST20-0514,외국인관광도시민박업,진 아트하우스(Jin's Art House),,서울특별시 양천구 신정동 1314번지 양천중앙하이츠아파트 103동 704호,서울특별시,양천구,신정7동,1,
BE_LiST20-0515,외국인관광도시민박업,더브러,,서울특별시 양천구 신정동 1297번지 길훈로즈빌 1201호,서울특별시,양천구,신정2동,1,
BE_LiST20-0516,외국인관광도시민박업,더그레이스(The Grace),,서울특별시 양천구 신정동 1310번지 ,서울특별시,양천구,신정3동,1,
BE_LiST20-0517,외국인관광도시민박업,미소,,서울특별시 양천구 목동 925번지 목동신시가지아파트 704동 203호,서울특별시,양천구,목1동,1,
BE_LiST20-0518,외국인관광도시민박업,로뎀하우스,,서울특별시 강서구 강서로45다길 25(화곡동 1012-2) ,서울특별시,강서구,화곡3동,2,
BE_LiST20-0519,외국인관광도시민박업,아리아하우스,,"서울특별시 강서구 방화대로37길 26, 102동 1101호(방화동, 방화현대@)[방화동 793]",서울특별시,강서구,방화1동,2,
BE_LiST20-0520,외국인관광도시민박업,다솜하우스,,"서울특별시 강서구 공항대로39길 100, 대림@ 102동 401호(등촌동 694)",서울특별시,강서구,등촌3동,1,
BE_LiST20-0521,외국인관광도시민박업,Homestay in Seoul,,"서울특별시 강서구 강서로56나길 37, 303동 908호(등촌동, 주공@)[등촌3동 688]",서울특별시,강서구,등촌3동,2,
BE_LiST20-0522,외국인관광도시민박업,해피하우스,,"서울특별시 강서구 양천로62길 41, 201-1408(등촌동, 코오롱오투빌2차@)[등촌1동 712]",서울특별시,강서구,등촌1동,1,
BE_LiST20-0523,외국인관광도시민박업,송하우스,,"서울특별시 강서구 우장산로2길 21-6, 1001호(내발산동, 내발산우신웨스트빌@)[내발산동 733]",서울특별시,강서구,우장산동,1,
BE_LiST20-0524,외국인관광도시민박업,맘하우스,,"서울특별시 강서구 우현로 18, 101동 603호(우장산동, 우장산휴먼빌@)[화곡동 1156]",서울특별시,강서구,우장산동,1,
BE_LiST20-0525,외국인관광도시민박업,샤론,,"서울특별시 강서구 화곡로68길 115, 102동 1206호(등촌동, 등촌우성@)[등촌동 630-11]",서울특별시,강서구,등촌1동,1,
BE_LiST20-0526,외국인관광도시민박업,파파스테이,,"서울특별시 강서구 양천로47길 94, 101동 1104호(마곡동, 금호어울림아파트)[마곡동 717]",서울특별시,강서구,가양1동,2,
BE_LiST20-0527,외국인관광도시민박업,하나비하우스,,"서울특별시 강서구 허준로 47, 206동 1309호(가양동, 성지아파트) [가양동 1461]",서울특별시,강서구,가양1동,1,
BE_LiST20-0528,외국인관광도시민박업,더심플하우스,,"서울특별시 강서구 공항대로5길 34, 3층(공항동) [공항동 24-4]",서울특별시,강서구,공항동,3,
BE_LiST20-0529,외국인관광도시민박업,제이씨하우스,,"서울특별시 강서구 금낭화로7길 32, 5층(방화동) [방화동 592-39]",서울특별시,강서구,방화2동,1,
BE_LiST20-0530,외국인관광도시민박업,秀家(수가),,"서울특별시 강서구 우현로 67, 130동 1501호(화곡동, 강서힐스테이트) [화곡동 1025-33]",서울특별시,강서구,우장산동,2,
BE_LiST20-0531,외국인관광도시민박업,이자매 게스트하우스,,"서울특별시 강서구 화곡로 220, 5층(화곡동) [화곡동 742-5]",서울특별시,강서구,화곡본동,2,
BE_LiST20-0532,외국인관광도시민박업,더나루 B&B,,서울특별시 강서구 공항대로13길 19(공항동) [공항동 14-118],서울특별시,강서구,공항동,2,
BE_LiST20-0533,외국인관광도시민박업,더서울하우스,,"서울특별시 구로구 남부순환로95길 88, 102동 1803호 (개봉동, 두산아파트)",서울특별시,구로구,개봉2동,1,
BE_LiST20-0534,외국인관광도시민박업,J's Happy House,,"서울특별시 구로구 고척로52길 53, 112동 7층 703호 (고척동, 고척대우아파트)",서울특별시,구로구,고척2동,2,
BE_LiST20-0535,외국인관광도시민박업,명지 홈,,"서울특별시 금천구 한내로 69-54, 1402동 505호 (독산동, 주공아파트)",서울특별시,금천구,독산1동,3,
BE_LiST20-0536,외국인관광도시민박업,G밸리 하우스,,"서울특별시 금천구 벚꽃로18길 36, 101동 8층 805호 (독산동, 진도아파트)",서울특별시,금천구,독산1동,3,
BE_LiST20-0537,외국인관광도시민박업,다이요홈스테이,,서울특별시 영등포구 여의도동 32번지 수정아파트 에이동 402호,서울특별시,영등포구,여의동,1,
BE_LiST20-0538,외국인관광도시민박업,kelly homestay,,서울특별시 영등포구 영등포동8가 76-1번지 삼환아파트 103동 402호,서울특별시,영등포구,영등포동,1,
BE_LiST20-0539,외국인관광도시민박업,서울민박,,서울특별시 영등포구 여의도동 40번지 ,서울특별시,영등포구,여의동,2,
BE_LiST20-0540,외국인관광도시민박업,보나,,서울특별시 영등포구 신길동 67-1번지 경남아파트 105동 102호,서울특별시,영등포구,신길1동,2,
BE_LiST20-0541,외국인관광도시민박업,Lodge 82,,서울특별시 영등포구 신길동 65-101번지 ,서울특별시,영등포구,신길1동,3,
BE_LiST20-0542,외국인관광도시민박업,스카이 게스트하우스,,서울특별시 영등포구 신길동 186-275번지 ,서울특별시,영등포구,영등포본동,5,
BE_LiST20-0543,외국인관광도시민박업,SWEET HOME,,서울특별시 영등포구 당산동4가 30-1번지 당산현대5차아파트 503동 1004호,서울특별시,영등포구,당산2동,2,
BE_LiST20-0544,외국인관광도시민박업,보라매하우스 5n6,,서울특별시 영등포구 신길동 620번지 ,서울특별시,영등포구,신길6동,1,
BE_LiST20-0545,외국인관광도시민박업,미라네,,서울특별시 영등포구 당산동4가 73-4번지 ,서울특별시,영등포구,당산2동,1,
BE_LiST20-0433,외국인관광도시민박업,Hao Guesthouse,,서울특별시 마포구 와우산로29마길 7-6 (서교동),서울특별시,마포구,서교동,6,
BE_LiST20-0662,외국인관광도시민박업,리리맘하우스,,"서울특별시 송파구 올림픽로 99, 157동 303호 (잠실동, 잠실엘스)",서울특별시,송파구,잠실2동,1,
BE_LiST20-0663,외국인관광도시민박업,Groove City guest house,,"서울특별시 송파구 풍성로25나길 16-1, 101동 301호 (풍납동, 금강캐스빌아파트)",서울특별시,송파구,풍납1동,2,
BE_LiST20-0664,외국인관광도시민박업,유정홈스테이,,"서울특별시 송파구 올림픽로 212, C동 3903호 (잠실동, 갤러리아팰리스)",서울특별시,송파구,잠실3동,2,
BE_LiST20-0665,외국인관광도시민박업,오가영홈스테이,,"서울특별시 송파구 오금로 432, 1동 502호 (가락동, 삼환가락아파트)",서울특별시,송파구,가락2동,2,
BE_LiST20-0666,외국인관광도시민박업,레인보우 홈스테이,,"서울특별시 송파구 잠실로 88, 135동 1602호 (잠실동, 레이크팰리스)",서울특별시,송파구,잠실3동,2,
BE_LiST20-0667,외국인관광도시민박업,파크리오 홈스테이,,"서울특별시 송파구 올림픽로 435, 314동 1303호 (신천동, 파크리오)",서울특별시,송파구,잠실4동,1,
BE_LiST20-0668,외국인관광도시민박업,나루홈스테이,,"서울특별시 송파구 올림픽로 435, 205동 2102호 (신천동, 파크리오)",서울특별시,송파구,잠실4동,2,
BE_LiST20-0669,외국인관광도시민박업,호수 홈스테이,,"서울특별시 송파구 석촌호수로18길 8-5, 5층 (석촌동)",서울특별시,송파구,석촌동,2,
BE_LiST20-0670,외국인관광도시민박업,블루베리홈스테이,,"서울특별시 송파구 양재대로 1089, 2동 402호 (방이동)",서울특별시,송파구,방이1동,2,
BE_LiST20-0671,외국인관광도시민박업,S. Park 홈스테이,,"서울특별시 송파구 동남로 225, 103동 2402호 (가락동, 래미안파크팰리스)",서울특별시,송파구,가락2동,2,
BE_LiST20-0672,외국인관광도시민박업,준스 홈스테이,,"서울특별시 송파구 올림픽로4길 42, 2동 1202호 (잠실동, 우성아파트)",서울특별시,송파구,잠실7동,1,
BE_LiST20-0673,외국인관광도시민박업,코지 홈스테이,,"서울특별시 송파구 올림픽로 435, 314동 1103호 (신천동, 파크리오)",서울특별시,송파구,잠실4동,2,
BE_LiST20-0674,외국인관광도시민박업,한강 홈스테이,,"서울특별시 송파구 올림픽로 99, 103동 702호 (잠실동,잠실엘스아파트)",서울특별시,송파구,잠실2동,1,
BE_LiST20-0675,외국인관광도시민박업,킴벌리 홈스테이,,"서울특별시 송파구 올림픽로 435, 112동 3504호 (신천동, 파크리오)",서울특별시,송파구,잠실4동,2,
BE_LiST20-0676,외국인관광도시민박업,진스테이송파,,"서울특별시 송파구 삼전로8길 8, 7층 (삼전동, (701~708, 712~716호))",서울특별시,송파구,삼전동,11,
BE_LiST20-0677,외국인관광도시민박업,선샤인 게스트하우스,,"서울특별시 송파구 석촌호수로18길 20-16, 401호 (석촌동, 봄날햇살)",서울특별시,송파구,석촌동,3,
BE_LiST20-0678,외국인관광도시민박업,션즈 홈스테이,,"서울특별시 송파구 문정로 83, 112동 1904호 (문정동, 문정래미안아파트)",서울특별시,송파구,문정1동,2,
BE_LiST20-0679,외국인관광도시민박업,탑홈스테이,,"서울특별시 송파구 올림픽로32길 39-19, 201호 (방이동, 중앙빌리지)",서울특별시,송파구,방이2동,2,
BE_LiST20-0680,외국인관광도시민박업,코띠홈스테이,,서울특별시 송파구 가락로23길 14-28 (송파동),서울특별시,송파구,송파1동,2,
BE_LiST20-0681,외국인관광도시민박업,Wam family,,"서울특별시 송파구 올림픽로4길 42, 22동 106호 (잠실동)",서울특별시,송파구,잠실7동,2,
BE_LiST20-0682,외국인관광도시민박업,진 하우스,,"서울특별시 송파구 올림픽로 99, 155동 1701호 (잠실동, 엘스아파트)",서울특별시,송파구,잠실2동,1,
BE_LiST20-0683,외국인관광도시민박업,레이크 게스트하우스,,서울특별시 송파구 삼학사로14길 24-1 (석촌동),서울특별시,송파구,석촌동,1,
BE_LiST20-0684,외국인관광도시민박업,잠실명성 도시민박업,,서울특별시 송파구 오금로11길 30-15 (방이동),서울특별시,송파구,방이2동,1,
BE_LiST20-0685,외국인관광도시민박업,하우펑요우 하우스,,"서울특별시 송파구 오금로32길 5-0, 203동 708호 (송파동)",서울특별시,송파구,송파2동,2,
BE_LiST20-0686,외국인관광도시민박업,리나의집,,서울특별시 송파구 송이로2길 20 (송파동),서울특별시,송파구,송파2동,1,
BE_LiST20-0687,외국인관광도시민박업,시인의 집,,서울특별시 송파구 백제고분로45길 14-13 (송파동),서울특별시,송파구,송파1동,2,
BE_LiST20-0688,외국인관광도시민박업,잠실게스트하우스,,"서울특별시 송파구 올림픽로33길 1, 2동 205호 (신천동, 크로바아파트)",서울특별시,송파구,잠실4동,3,
BE_LiST20-0689,외국인관광도시민박업,잠실웰컴하우스,,서울특별시 송파구 한가람로10길 7-5 (풍납동),서울특별시,송파구,풍납2동,2,
BE_LiST20-0690,외국인관광도시민박업,롯데잠실게스트하우스,,"서울특별시 송파구 올림픽로35길 93, 101동 2002호 (신천동, 더샵스타리버)",서울특별시,송파구,잠실6동,3,
BE_LiST20-0691,외국인관광도시민박업,레이크팰리스홈,,"서울특별시 송파구 잠실로 88, 129동 201호 (잠실동, 레이크팰리스)",서울특별시,송파구,잠실3동,2,
BE_LiST20-0692,외국인관광도시민박업,ON Guest House,,서울특별시 송파구 올림픽로4길 42 (잠실동),서울특별시,송파구,잠실7동,1,
BE_LiST20-0693,외국인관광도시민박업,써니하우스,,서울특별시 송파구 오금로54길 10 (거여동),서울특별시,송파구,거여1동,1,
BE_LiST20-0694,외국인관광도시민박업,마음이 머무는 김여사의 사랑채,,서울특별시 송파구 백제고분로19길 4-7 (잠실동),서울특별시,송파구,잠실본동,2,
BE_LiST20-0695,외국인관광도시민박업,EKLIPS GUEST HOUSE,,서울특별시 송파구 올림픽로34길 17-14 (방이동),서울특별시,송파구,방이2동,,
BE_LiST20-0696,외국인관광도시민박업,Space Hue,,"서울특별시 송파구 오금로31가길 1 (방이동, 런던빌)",서울특별시,송파구,방이1동,3,
BE_LiST20-0697,외국인관광도시민박업,Young House,,"서울특별시 강동구 올림픽로89길 57, 103동 204호 (천호동, 강변그대가리버뷰)",서울특별시,강동구,천호2동,1,
BE_LiST20-0698,외국인관광도시민박업,Kim's 하우스,,"서울특별시 강동구 구천면로 365-13, 101동 807호 (암사동, e-편한세상)",서울특별시,강동구,암사1동,2,
BE_LiST20-0270,외국인관광도시민박업,필그림,,"서울특별시 서대문구 거북골로14길 32, 102동 12층 1201호 (북가좌동, 가재울아이파크아파트)",서울특별시,서대문구,북가좌2동,2,
BE_LiST20-0311,외국인관광도시민박업,나무,,"서울특별시 마포구 연남로5길 24, 1동 101호 (연남동)",서울특별시,마포구,연남동,3,
BE_LiST20-0312,외국인관광도시민박업,포유,,"서울특별시 마포구 성암로 91, 101동 201호 (중동, 현대아파트)",서울특별시,마포구,성산2동,2,
BE_LiST20-0313,외국인관광도시민박업,패밀리하우스텔,,"서울특별시 마포구 월드컵북로4길 90, 1~2층 (동교동)",서울특별시,마포구,서교동,8,
BE_LiST20-0314,외국인관광도시민박업,OMG guesthouse,,서울특별시 마포구 동교로 212-26 (동교동),서울특별시,마포구,서교동,4,
BE_LiST20-0315,외국인관광도시민박업,소담게스트하우스,,"서울특별시 마포구 서강로20길 11, 302호 (노고산동)",서울특별시,마포구,대흥동,2,
BE_LiST20-0316,외국인관광도시민박업,Guesthouse KW hongdae,,"서울특별시 마포구 동교로38길 36, 403호 (연남동)",서울특별시,마포구,연남동,1,
BE_LiST20-0317,외국인관광도시민박업,Dustin Guest House,,서울특별시 마포구 어울마당로 122-1 (서교동),서울특별시,마포구,서교동,5,
BE_LiST20-0318,외국인관광도시민박업,두리월드하우스,,서울특별시 마포구 월드컵북로6길 31-7 (연남동),서울특별시,마포구,연남동,5,
BE_LiST20-0319,외국인관광도시민박업,Cozzzy Guest House,,"서울특별시 마포구 동교로23길 63, 2~3층 (연남동)",서울특별시,마포구,연남동,5,
BE_LiST20-0320,외국인관광도시민박업,Seoulwise Guesthouse,,서울특별시 마포구 월드컵북로6길 82-7 (동교동),서울특별시,마포구,서교동,8,
BE_LiST20-0321,외국인관광도시민박업,옐로우 서브마린,,서울특별시 마포구 동교로29길 14 (연남동),서울특별시,마포구,연남동,5,
BE_LiST20-0322,외국인관광도시민박업,마루지 게스트하우스,,서울특별시 마포구 연남로5길 30-4 (연남동),서울특별시,마포구,연남동,6,
BE_LiST20-0323,외국인관광도시민박업,로이하우스(roi house),,서울특별시 마포구 동교로41길 14 (연남동),서울특별시,마포구,연남동,9,
BE_LiST20-0324,외국인관광도시민박업,수토메(SUTOME),,서울특별시 마포구 월드컵로 165-6 (망원동),서울특별시,마포구,망원2동,6,
BE_LiST20-0325,외국인관광도시민박업,Issue Seoul,,"서울특별시 마포구 동교로 110, 1~2층 (서교동)",서울특별시,마포구,서교동,6,
BE_LiST20-0326,외국인관광도시민박업,애플게스트하우스,,서울특별시 마포구 월드컵북로6길 53-9 (연남동),서울특별시,마포구,연남동,10,
BE_LiST20-0327,외국인관광도시민박업,KPOPSTAY,,"서울특별시 마포구 와우산로26길 11, 1층 (창전동)",서울특별시,마포구,서강동,4,
BE_LiST20-0328,외국인관광도시민박업,KPOPSTAY II,,"서울특별시 마포구 와우산로26길 11, 2층 (창전동)",서울특별시,마포구,서강동,3,
BE_LiST20-0329,외국인관광도시민박업,Funfun stay,,"서울특별시 마포구 와우산로29길 59, 4층 (서교동)",서울특별시,마포구,서교동,4,
BE_LiST20-0330,외국인관광도시민박업,홍대 패밀리 하우스텔 2,,"서울특별시 마포구 월드컵북로6길 53-11, 401호 (연남동)",서울특별시,마포구,연남동,2,
BE_LiST20-0331,외국인관광도시민박업,미스터콤마 게스트하우스,,"서울특별시 마포구 연남로1길 67-5, 1~2층 (연남동)",서울특별시,마포구,연남동,3,
BE_LiST20-0332,외국인관광도시민박업,헤이 백팩커스 2,,"서울특별시 마포구 양화로16길 30-5, 1층 (서교동)",서울특별시,마포구,서교동,3,
BE_LiST20-0333,외국인관광도시민박업,와우힐즈 게스트하우스,,서울특별시 마포구 와우산로24길 35 (창전동),서울특별시,마포구,서강동,7,
BE_LiST20-0334,외국인관광도시민박업,인 게스트하우스,,"서울특별시 마포구 성미산로1길 68, 2층 (성산동)",서울특별시,마포구,성산1동,4,
BE_LiST20-0335,외국인관광도시민박업,망고 게스트하우스,,서울특별시 마포구 독막로9길 37-4 (서교동),서울특별시,마포구,서교동,4,
BE_LiST20-0336,외국인관광도시민박업,크로스로드 백팩커스,,"서울특별시 마포구 와우산로29다길 11-1, 1~2층 (서교동)",서울특별시,마포구,서교동,8,
BE_LiST20-0337,외국인관광도시민박업,Fortune,,"서울특별시 마포구 어울마당로 49, 5,6층 (서교동)",서울특별시,마포구,서교동,12,
BE_LiST20-0338,외국인관광도시민박업,Dream House,,"서울특별시 마포구 잔다리로 78, 4층 (서교동)",서울특별시,마포구,서교동,6,
BE_LiST20-0339,외국인관광도시민박업,알파게스트하우스,,"서울특별시 마포구 백범로4길 21, 2층 (노고산동)",서울특별시,마포구,대흥동,2,
BE_LiST20-0340,외국인관광도시민박업,브릿지 백팩커스,,"서울특별시 마포구 와우산로37길 4, 2층 (동교동)",서울특별시,마포구,서교동,2,
BE_LiST20-0341,외국인관광도시민박업,홍대게스트하우스 마마스앤파파스,,"서울특별시 마포구 어울마당로 47, 5층 (서교동)",서울특별시,마포구,서교동,5,
BE_LiST20-0342,외국인관광도시민박업,24 Guesthouse 홍대,,서울특별시 마포구 월드컵북로6길 19-6 (연남동),서울특별시,마포구,연남동,6,
BE_LiST20-0343,외국인관광도시민박업,브이맨션,,서울특별시 마포구 토정로 133 (상수동),서울특별시,마포구,서강동,5,
BE_LiST20-0344,외국인관광도시민박업,제라늄,,"서울특별시 마포구 잔다리로3안길 29, 301호 (서교동, 한일빌리지)",서울특별시,마포구,서교동,3,
BE_LiST20-0345,외국인관광도시민박업,타운 게스트하우스,,"서울특별시 마포구 손기정로 43, 201호 (아현동)",서울특별시,마포구,공덕동,3,
BE_LiST20-0346,외국인관광도시민박업,쿠키 게스트하우스,,"서울특별시 마포구 동교로41길 31-8, 403호 (연남동, 목화빌라)",서울특별시,마포구,연남동,2,
BE_LiST20-0347,외국인관광도시민박업,SISNBRO,,서울특별시 마포구 연남로1길 6-7 (연남동),서울특별시,마포구,연남동,7,
BE_LiST20-0348,외국인관광도시민박업,아트하우스,,"서울특별시 마포구 연남로1길 25, 3층 (연남동)",서울특별시,마포구,연남동,1,
BE_LiST20-0349,외국인관광도시민박업,홍스테이 게스트하우스,,서울특별시 마포구 동교로30길 17-1 (동교동),서울특별시,마포구,서교동,4,
BE_LiST20-0350,외국인관광도시민박업,Traveler Planet,,"서울특별시 마포구 동교로25길 54-8, 301호 (연남동)",서울특별시,마포구,연남동,4,
BE_LiST20-0271,외국인관광도시민박업,Helen's place,,"서울특별시 서대문구 거북골로 154, 102동 1508호 (북가좌동)",서울특별시,서대문구,북가좌2동,2,
BE_LiST20-0008,외국인관광도시민박업,지 하우스(G. HOUSE),,서울특별시 종로구 백석동길 187 (부암동),서울특별시,종로구,부암동,2,
BE_LiST20-0009,외국인관광도시민박업,씬디스 비앤비(Cindy's B&B),,서울특별시 종로구 자하문로40길 19-18 (부암동),서울특별시,종로구,부암동,3,
BE_LiST20-0010,외국인관광도시민박업,씨유비앤비 (C.U.BnB),,서울특별시 종로구 동숭2길 20 (동숭동),서울특별시,종로구,이화동,3,
BE_LiST20-0011,외국인관광도시민박업,미나리 하우스(Minari house),,"서울특별시 종로구 이화장1나길 3, 2층 (이화동)",서울특별시,종로구,이화동,3,
BE_LiST20-0012,외국인관광도시민박업,기와하우스(GIWA HOUSE),,서울특별시 종로구 자하문로5가길 26-1 (체부동),서울특별시,종로구,사직동,3,
BE_LiST20-0013,외국인관광도시민박업,와이 게스트 하우스(Y Guest House),,서울특별시 종로구 창덕궁3길 47-5 (원서동),서울특별시,종로구,가회동,2,
BE_LiST20-0014,외국인관광도시민박업,리리하우스(LI LI HOUSE),,서울특별시 종로구 율곡로13가길 18-4 (연건동),서울특별시,종로구,이화동,3,
BE_LiST20-0015,외국인관광도시민박업,삼청동 코리아 게스트하우스,,"서울특별시 종로구 삼청로4길 12-1, 4층 (화동)",서울특별시,종로구,삼청동,3,
BE_LiST20-0016,외국인관광도시민박업,아하 하우스(AHA HOUSE),,서울특별시 종로구 진흥로22나길 28-7 (구기동),서울특별시,종로구,평창동,2,
BE_LiST20-0017,외국인관광도시민박업,누이 게스트하우스(Nuit Guesthouse),,"서울특별시 종로구 옥인길 32-3, 101호 (옥인동)",서울특별시,종로구,청운효자동,1,
BE_LiST20-0018,외국인관광도시민박업,카사 자밀라(Casa Jamila),,서울특별시 종로구 사직로9길 6 (필운동),서울특별시,종로구,사직동,2,
BE_LiST20-0019,외국인관광도시민박업,서촌비앤비(Seochon B&B SRAN),,"서울특별시 종로구 옥인길 32-2, 2층 (옥인동)",서울특별시,종로구,청운효자동,2,
BE_LiST20-0020,외국인관광도시민박업,프리미엄 게스트하우스,,서울특별시 종로구 자하문로13길 4 (통인동),서울특별시,종로구,청운효자동,9,
BE_LiST20-0021,외국인관광도시민박업,에이 하우스(A☆House),,"서울특별시 종로구 팔판길 32 (팔판동, 2층, 3층)",서울특별시,종로구,삼청동,4,
BE_LiST20-0022,외국인관광도시민박업,예하도예 게스트하우스(YEHADOYE guesthouse),,"서울특별시 종로구 인사동12길 10, 4.5층 (관훈동)",서울특별시,종로구,종로1.2.3.4가동,7,
BE_LiST20-0023,외국인관광도시민박업,비하우스(B-House),,서울특별시 종로구 창신길 80-5 (창신동),서울특별시,종로구,창신2동,1,
BE_LiST20-0024,외국인관광도시민박업,숨바꼭질(Hide & Seek),,서울특별시 종로구 자하문로6길 14 (통의동),서울특별시,종로구,사직동,5,
BE_LiST20-0025,외국인관광도시민박업,예인하우스(Yein House),,서울특별시 종로구 자하문로 97-13 (신교동),서울특별시,종로구,청운효자동,8,
BE_LiST20-0026,외국인관광도시민박업,서울 게스트하우스,,서울특별시 종로구 종로16길 31-8 (관수동),서울특별시,종로구,종로1.2.3.4가동,4,
BE_LiST20-0027,외국인관광도시민박업,윈드로드 앤 플라워 게스트하우스(Windroad & Flower Guesthouse,,"서울특별시 종로구 창경궁로27길 66-12, 201호 (명륜3가)",서울특별시,종로구,혜화동,1,
BE_LiST20-0028,외국인관광도시민박업,하얀 토끼 게스트하우스(White Rabbit Guesthouse),,서울특별시 종로구 혜화로6가길 14 (혜화동),서울특별시,종로구,혜화동,3,
BE_LiST20-0029,외국인관광도시민박업,봉 백팩커스(Bong Backpackers),,서울특별시 종로구 창경궁로 243-3 (명륜2가),서울특별시,종로구,혜화동,5,
BE_LiST20-0030,외국인관광도시민박업,더 프레젠트 게스트하우스(The Present Guesthouse),,서울특별시 종로구 대학로14길 24 (혜화동),서울특별시,종로구,혜화동,3,
BE_LiST20-0031,외국인관광도시민박업,루디아 공예 게스트하우스(Lydia craft Guesthouse),,서울특별시 종로구 사직로9가길 25-6 (필운동),서울특별시,종로구,사직동,2,
BE_LiST20-0032,외국인관광도시민박업,뿡갈로(BBUNGALOW),,"서울특별시 종로구 경희궁길 47-1, 2층 (신문로2가)",서울특별시,종로구,사직동,1,
BE_LiST20-0033,외국인관광도시민박업,광화문게스트하우스 궁,,"서울특별시 종로구 경희궁1길 27, 2.3층 (신문로2가)",서울특별시,종로구,사직동,5,
BE_LiST20-0034,외국인관광도시민박업,부엉이 게스트하우스(OWL Guesthouse),,"서울특별시 종로구 종로65길 20-6, 202호 (숭인동)",서울특별시,종로구,숭인2동,1,
BE_LiST20-0035,외국인관광도시민박업,봄 하우스(Pom House),,"서울특별시 종로구 자하문로5가길 37, 2층 (체부동)",서울특별시,종로구,사직동,3,
BE_LiST20-0036,외국인관광도시민박업,제이하우스(J House),,"서울특별시 종로구 자하문로10길 28-4, 301호 (통의동)",서울특별시,종로구,사직동,2,
BE_LiST20-0037,외국인관광도시민박업,우 게스트하우스(Woo Guesthouse),,"서울특별시 종로구 삼청로 22, 5층 (사간동)",서울특별시,종로구,삼청동,2,
BE_LiST20-0038,외국인관광도시민박업,서촌 168 B&B(CHANG YEUN HO),,"서울특별시 종로구 자하문로23길 6, 101호 (신교동)",서울특별시,종로구,청운효자동,2,
BE_LiST20-0039,외국인관광도시민박업,88 게스트하우스(Eighty Eight Guest House),,서울특별시 종로구 삼청로 75-9 (팔판동),서울특별시,종로구,삼청동,5,
BE_LiST20-0040,외국인관광도시민박업,게스트하우스 더 김스(Guesthouse The Kims),,서울특별시 종로구 백석동1길 13 (부암동),서울특별시,종로구,부암동,2,
BE_LiST20-0041,외국인관광도시민박업,게스트 제이 하우스(Guest J House),,서울특별시 종로구 창경궁로35길 42-10 (혜화동),서울특별시,종로구,혜화동,6,
BE_LiST20-0042,외국인관광도시민박업,한스하우스(Hans house),,서울특별시 종로구 자하문로1다길 20 (체부동),서울특별시,종로구,사직동,3,
BE_LiST20-0043,외국인관광도시민박업,프랜드인서울(Friend in Seoul),,"서울특별시 종로구 자하문로7길 28-5, 1층 (통인동)",서울특별시,종로구,청운효자동,1,
BE_LiST20-0044,외국인관광도시민박업,물댄동산(A well watered garden),,"서울특별시 종로구 평창25길 27, 1층 (평창동)",서울특별시,종로구,평창동,4,
BE_LiST20-0351,외국인관광도시민박업,디에이치게스트하우스,,서울특별시 마포구 고산길 63 (노고산동),서울특별시,마포구,대흥동,2,
BE_LiST20-0352,외국인관광도시민박업,하늘자전거 게스트 하우스,,서울특별시 마포구 백범로15길 7 (대흥동),서울특별시,마포구,대흥동,3,
BE_LiST20-0353,외국인관광도시민박업,Local Stitch,,"서울특별시 마포구 잔다리로 70, 3층 (서교동)",서울특별시,마포구,서교동,3,
BE_LiST20-0354,외국인관광도시민박업,우와 게스트하우스,,"서울특별시 마포구 월드컵북로6길 96, 2층 (동교동)",서울특별시,마포구,서교동,5,
BE_LiST20-0355,외국인관광도시민박업,HaTo,,서울특별시 마포구 연희로1길 63 (연남동),서울특별시,마포구,연남동,5,
BE_LiST20-0356,외국인관광도시민박업,RO&JO HOUSE,,서울특별시 마포구 성미산로29길 35-13 (연남동),서울특별시,마포구,연남동,4,
BE_LiST20-0357,외국인관광도시민박업,나누 게스트하우스,,"서울특별시 마포구 와우산로 156, 5층 (서교동)",서울특별시,마포구,서교동,3,
BE_LiST20-0358,외국인관광도시민박업,AVO,,"서울특별시 마포구 와우산로15길 14, 2,3층 (서교동)",서울특별시,마포구,서교동,7,
BE_LiST20-0359,외국인관광도시민박업,G.O.D 게스트하우스,,서울특별시 마포구 성미산로1길 14 (성산동),서울특별시,마포구,성산1동,8,
BE_LiST20-0360,외국인관광도시민박업,Happy tree guesthouse,,"서울특별시 마포구 와우산로29다길 15, 201호 (서교동)",서울특별시,마포구,서교동,3,
BE_LiST20-0361,외국인관광도시민박업,파티오59,,"서울특별시 마포구 동교로 125, 3층 (서교동)",서울특별시,마포구,서교동,4,
BE_LiST20-0362,외국인관광도시민박업,서울아이 게스트하우스(Seoul i Guesthouse),,서울특별시 마포구 양화로23길 10-14 (동교동),서울특별시,마포구,서교동,10,
BE_LiST20-0363,외국인관광도시민박업,워니즈 디자인 게스트하우스,,"서울특별시 마포구 동교로27길 44-11, 1층,지층 (연남동)",서울특별시,마포구,연남동,5,
BE_LiST20-0364,외국인관광도시민박업,유자 게스트하우스,,"서울특별시 마포구 독막로3길 52, 2층 (서교동)",서울특별시,마포구,서교동,4,
BE_LiST20-0365,외국인관광도시민박업,문 게스트하우스,,"서울특별시 마포구 동교로30길 9, 3층 (동교동)",서울특별시,마포구,서교동,3,
BE_LiST20-0366,외국인관광도시민박업,Dream Comfort,,서울특별시 마포구 동교로27길 3-16 (동교동),서울특별시,마포구,서교동,6,
BE_LiST20-0367,외국인관광도시민박업,어반우드,,"서울특별시 마포구 와우산로29마길 5, 3층 (서교동)",서울특별시,마포구,서교동,3,
BE_LiST20-0368,외국인관광도시민박업,스위트홈,,"서울특별시 마포구 독막로7길 20, 5층 (서교동)",서울특별시,마포구,서교동,3,
BE_LiST20-0369,외국인관광도시민박업,홍대 레오 게스트하우스,,서울특별시 마포구 양화로7안길 36-4 (서교동),서울특별시,마포구,서교동,11,
BE_LiST20-0370,외국인관광도시민박업,zzzip게스트하우스,,"서울특별시 마포구 독막로3길 24-8, 2층 (서교동)",서울특별시,마포구,서교동,3,
BE_LiST20-0371,외국인관광도시민박업,서울맨션,,"서울특별시 마포구 양화로23길 4-21, 1층 (동교동)",서울특별시,마포구,서교동,13,
BE_LiST20-0372,외국인관광도시민박업,BLU Guesthouse Hong Dae,,"서울특별시 마포구 동교로 140-8, 2층 (서교동)",서울특별시,마포구,서교동,4,
BE_LiST20-0373,외국인관광도시민박업,B Guesthouse,,"서울특별시 마포구 와우산로17길 19-9, 4층 (서교동)",서울특별시,마포구,서교동,7,
BE_LiST20-0374,외국인관광도시민박업,펌킨 게스트하우스,,"서울특별시 마포구 홍익로 3-13, 2층 (서교동)",서울특별시,마포구,서교동,7,
BE_LiST20-0375,외국인관광도시민박업,친구 게스트하우스,,"서울특별시 마포구 동교로 153-6, 2층 (서교동)",서울특별시,마포구,서교동,3,
BE_LiST20-0376,외국인관광도시민박업,Bounce Guesthouse,,"서울특별시 마포구 동교로27길 93-9, 3층 (연남동)",서울특별시,마포구,연남동,3,
BE_LiST20-0377,외국인관광도시민박업,DW Design Residence,,"서울특별시 마포구 동교로25길 35, 2층 (동교동)",서울특별시,마포구,서교동,3,
BE_LiST20-0378,외국인관광도시민박업,오렌지 게스트하우스,,서울특별시 마포구 동교로 148-12 (서교동),서울특별시,마포구,서교동,8,
BE_LiST20-0379,외국인관광도시민박업,88 Housetel,,"서울특별시 마포구 와우산로29라길 22-3, 2층 (서교동)",서울특별시,마포구,서교동,4,
BE_LiST20-0380,외국인관광도시민박업,아이하우스 친친,,"서울특별시 마포구 연남로7길 24-11, 2층 (연남동)",서울특별시,마포구,연남동,4,
BE_LiST20-0381,외국인관광도시민박업,골드게스트하우스,,서울특별시 마포구 잔다리로3길 23 (서교동),서울특별시,마포구,서교동,5,
BE_LiST20-0382,외국인관광도시민박업,한강 게스트하우스,,"서울특별시 마포구 마포대로4길 120-39, 지하1층 (마포동)",서울특별시,마포구,용강동,1,
BE_LiST20-0383,외국인관광도시민박업,바우하우스,,서울특별시 마포구 동교로 262-11 (연남동),서울특별시,마포구,연남동,4,
BE_LiST20-0384,외국인관광도시민박업,Loft 8,,"서울특별시 마포구 연희로 27, 3층 (동교동)",서울특별시,마포구,서교동,5,
BE_LiST20-0385,외국인관광도시민박업,파크애비뉴,,"서울특별시 마포구 성미산로26길 32-2, 2층 (연남동)",서울특별시,마포구,연남동,4,
BE_LiST20-0386,외국인관광도시민박업,텐달러,,서울특별시 마포구 동교로19길 22 (서교동),서울특별시,마포구,서교동,5,
BE_LiST20-0387,외국인관광도시민박업,우리서울 게스트하우스,,서울특별시 마포구 연남로 51-5 (연남동),서울특별시,마포구,연남동,6,
BE_LiST20-0388,외국인관광도시민박업,파크애비뉴2,,"서울특별시 마포구 성미산로26길 32-2, 3,4층 (연남동)",서울특별시,마포구,연남동,6,
BE_LiST20-0389,외국인관광도시민박업,케이둡9,,"서울특별시 마포구 연남로3길 3, 1~2층 (연남동)",서울특별시,마포구,연남동,5,
BE_LiST20-0390,외국인관광도시민박업,모닥불게스트하우스,,"서울특별시 마포구 동교로39길 4-7, 1층 (연남동)",서울특별시,마포구,연남동,2,
BE_LiST20-0391,외국인관광도시민박업,올라서울,,"서울특별시 마포구 성미산로32길 51, 301호 (연남동)",서울특별시,마포구,연남동,3,
BE_LiST20-0272,외국인관광도시민박업,24 게스트하우스,,"서울특별시 서대문구 연세로5나길 24, 203호 (창천동)",서울특별시,서대문구,신촌동,5,
BE_LiST20-0273,외국인관광도시민박업,JK게스트하우스,,서울특별시 서대문구 홍은중앙로 106  (홍은동),서울특별시,서대문구,홍은1동,4,
BE_LiST20-0274,외국인관광도시민박업,J 게스트하우스,,"서울특별시 서대문구 연세로5나길 8, 6층 (창천동)",서울특별시,서대문구,신촌동,5,
BE_LiST20-0275,외국인관광도시민박업,ICOS 게스트하우스,,서울특별시 서대문구 연세로2다길 63 (창천동),서울특별시,서대문구,신촌동,5,
BE_LiST20-0276,외국인관광도시민박업,리더게스트하우스,,서울특별시 서대문구 충정로4길 5-18 (충정로3가),서울특별시,서대문구,충현동,3,
BE_LiST20-0277,외국인관광도시민박업,레몬티 게스트하우스,,"서울특별시 서대문구 경기대로7길 19, 102호 (충정로3가, 새롬아파트)",서울특별시,서대문구,충현동,,
BE_LiST20-0278,외국인관광도시민박업,서울스테이션게스트하우스,,"서울특별시 서대문구 서소문로 43-45, 1층 B호 (합동)",서울특별시,서대문구,충현동,,
BE_LiST20-0279,외국인관광도시민박업,마이홈인서울,,"서울특별시 서대문구 통일로37나길 12-6, 가동 201, 202호 (홍제동, 제일아파트)",서울특별시,서대문구,홍제1동,,
BE_LiST20-0280,외국인관광도시민박업,예포게스트하우스,,"서울특별시 서대문구 성산로7안길 8, 1,2층층 (연희동)",서울특별시,서대문구,연희동,1,
BE_LiST20-0281,외국인관광도시민박업,연희하우스,,서울특별시 서대문구 연희로11길 53 (연희동),서울특별시,서대문구,연희동,1,
BE_LiST20-0282,외국인관광도시민박업,코지박스,,"서울특별시 서대문구 이화여대7길 48 (대현동, 경국빌딩)",서울특별시,서대문구,신촌동,,
BE_LiST20-0283,외국인관광도시민박업,제이제이게스트하우스,,서울특별시 서대문구 응암로 28 (북가좌동),서울특별시,서대문구,북가좌1동,1,
BE_LiST20-0284,외국인관광도시민박업,드림게스트하우스,,서울특별시 서대문구 연희로16길 26-1 (연희동),서울특별시,서대문구,연희동,,
BE_LiST20-0285,외국인관광도시민박업,연게스트하우스,,서울특별시 서대문구 연희로35길 33-6 (연희동),서울특별시,서대문구,연희동,,
BE_LiST20-0286,외국인관광도시민박업,야코리아게스트하우스,,서울특별시 서대문구 신촌로3가길 3-8 (창천동),서울특별시,서대문구,신촌동,,
BE_LiST20-0287,외국인관광도시민박업,서울스테이션게스트하우스-4,,서울특별시 서대문구 서소문로 43-45 (합동),서울특별시,서대문구,충현동,,
BE_LiST20-0288,외국인관광도시민박업,서울스테이션게스트하우스-3,,서울특별시 서대문구 서소문로 43-45 (합동),서울특별시,서대문구,충현동,,
BE_LiST20-0289,외국인관광도시민박업,서울스테이션게스트하우스-1,,서울특별시 서대문구 서소문로 43-45 (합동),서울특별시,서대문구,충현동,,
BE_LiST20-0290,외국인관광도시민박업,서울스테이션게스트하우스-2,,서울특별시 서대문구 서소문로 43-45 (합동),서울특별시,서대문구,충현동,,
BE_LiST20-0291,외국인관광도시민박업,필스테이이화부띠끄,,"서울특별시 서대문구 이화여대길 43, 4층 (대현동)",서울특별시,서대문구,신촌동,,
BE_LiST20-0292,외국인관광도시민박업,신촌게스트하우스,,서울특별시 서대문구 연대동문1길 48 (신촌동),서울특별시,서대문구,신촌동,,
BE_LiST20-0293,외국인관광도시민박업,더메이하우스,,"서울특별시 서대문구 성산로7길 11 (연희동, 1층,2층)",서울특별시,서대문구,연희동,,
BE_LiST20-0294,외국인관광도시민박업,타임트래블러파티게스트하우스,,"서울특별시 서대문구 연희로2길 11, 1,2층 (창천동)",서울특별시,서대문구,신촌동,,
BE_LiST20-0295,외국인관광도시민박업,컴인 게스트하우스,,서울특별시 마포구 와우산로21길 20-10 (서교동),서울특별시,마포구,서교동,5,
BE_LiST20-0296,외국인관광도시민박업,NEO SEOUL,,"서울특별시 마포구 동교로 142-13, 1층 (서교동)",서울특별시,마포구,서교동,4,
BE_LiST20-0297,외국인관광도시민박업,패밀리&프렌즈 하우스,,서울특별시 마포구 월드컵북로6길 81-12 (연남동),서울특별시,마포구,연남동,8,
BE_LiST20-0298,외국인관광도시민박업,김치 홍대 게스트하우스,,서울특별시 마포구 연남로1길 67-6 (연남동),서울특별시,마포구,연남동,8,
BE_LiST20-0299,외국인관광도시민박업,스테이코리아,,서울특별시 마포구 동교로27길 60-5 (연남동),서울특별시,마포구,연남동,7,
BE_LiST20-0300,외국인관광도시민박업,하이 게스트하우스,,서울특별시 마포구 동교로15길 32 (서교동),서울특별시,마포구,서교동,9,
BE_LiST20-0301,외국인관광도시민박업,포시즌하우스,,서울특별시 마포구 동교로18길 15 (서교동),서울특별시,마포구,서교동,7,
BE_LiST20-0302,외국인관광도시민박업,SPACE TORRA,,서울특별시 마포구 연남로1길 6 (연남동),서울특별시,마포구,연남동,6,
BE_LiST20-0303,외국인관광도시민박업,버즈네스트,,서울특별시 마포구 연남로3길 18 (연남동),서울특별시,마포구,연남동,5,
BE_LiST20-0304,외국인관광도시민박업,르 솔,,서울특별시 마포구 월드컵북로4길 23-3 (동교동),서울특별시,마포구,서교동,5,
BE_LiST20-0305,외국인관광도시민박업,헬로우코리아 게스트하우스,,서울특별시 마포구 성미산로22길 24 (연남동),서울특별시,마포구,연남동,4,
BE_LiST20-0306,외국인관광도시민박업,오아시스 게스트하우스,,"서울특별시 마포구 와우산로29가길 12, 1~2층 (서교동)",서울특별시,마포구,서교동,7,
BE_LiST20-0307,외국인관광도시민박업,JJ게스트하우스,,서울특별시 마포구 연희로1길 40-4 (동교동),서울특별시,마포구,서교동,9,
BE_LiST20-0308,외국인관광도시민박업,ICOS,,서울특별시 마포구 고산3길 15 (노고산동),서울특별시,마포구,대흥동,4,
BE_LiST20-0309,외국인관광도시민박업,화이트테일,,서울특별시 마포구 성미산로29길 24-6 (연남동),서울특별시,마포구,연남동,5,
BE_LiST20-0310,외국인관광도시민박업,스튜디오 41번가,,"서울특별시 마포구 성미산로22길 32, 2~3층 (연남동)",서울특별시,마포구,연남동,7,
BE_LiST20-0434,외국인관광도시민박업,A Little Nap,,"서울특별시 마포구 신촌로2안길 47, 101호 (동교동)",서울특별시,마포구,서교동,2,
BE_LiST20-0435,외국인관광도시민박업,에그 게스트하우스 픽미업코리아,,"서울특별시 마포구 양화로19길 22-29, 401호 (동교동)",서울특별시,마포구,서교동,4,
BE_LiST20-0436,외국인관광도시민박업,미소 게스트하우스,,"서울특별시 마포구 신촌로2안길 27, 2층 (동교동)",서울특별시,마포구,서교동,2,
BE_LiST20-0437,외국인관광도시민박업,레이지폭스,,"서울특별시 마포구 양화로7길 66, 3층 (서교동)",서울특별시,마포구,서교동,2,
BE_LiST20-0438,외국인관광도시민박업,Park Mama Guesthouse,,"서울특별시 마포구 와우산로29길 33, 2층 (서교동)",서울특별시,마포구,서교동,2,
BE_LiST20-0439,외국인관광도시민박업,핫스페이스,,"서울특별시 마포구 와우산로29길 63, 7층 (서교동)",서울특별시,마포구,서교동,3,
BE_LiST20-0440,외국인관광도시민박업,홍대 쉐프 게스트하우스,,"서울특별시 마포구 성지길 36-20, 1~2층 (합정동)",서울특별시,마포구,합정동,3,
BE_LiST20-0441,외국인관광도시민박업,Two Two House,,"서울특별시 마포구 동교로 242-9, 1~2층 (연남동)",서울특별시,마포구,연남동,3,
BE_LiST20-0442,외국인관광도시민박업,Min's House,,"서울특별시 마포구 방울내로11길 173, B동 305호 (망원동, 문화빌라)",서울특별시,마포구,망원2동,2,
BE_LiST20-0443,외국인관광도시민박업,K 게스트하우스,,"서울특별시 마포구 서강로 19, 1101호 (신정동)",서울특별시,마포구,서강동,1,
BE_LiST20-0444,외국인관광도시민박업,정스테이,,"서울특별시 마포구 와우산로33길 38, 501호 (서교동)",서울특별시,마포구,서교동,2,
BE_LiST20-0445,외국인관광도시민박업,1969 게스트하우스,,"서울특별시 마포구 성미산로26길 37, 1~2층 (연남동)",서울특별시,마포구,연남동,6,
BE_LiST20-0446,외국인관광도시민박업,모노하우스,,서울특별시 마포구 동교로 153-5 (서교동),서울특별시,마포구,서교동,8,
BE_LiST20-0447,외국인관광도시민박업,88하우스 홍대,,"서울특별시 마포구 독막로3길 28-12, B01호 (서교동)",서울특별시,마포구,서교동,2,
BE_LiST20-0448,외국인관광도시민박업,Seoul Sweet STyle,,"서울특별시 마포구 월드컵북로6길 15, 1층 (연남동)",서울특별시,마포구,연남동,4,
BE_LiST20-0449,외국인관광도시민박업,하우스 인 서울,,"서울특별시 마포구 와우산로29바길 5-3, 2층 (서교동)",서울특별시,마포구,서교동,2,
BE_LiST20-0450,외국인관광도시민박업,트리앙겔,,"서울특별시 마포구 신촌로8길 18, 2층 201호 (동교동)",서울특별시,마포구,서교동,3,
BE_LiST20-0451,외국인관광도시민박업,감 게스트하우스,,서울특별시 마포구 성암로 17-7 (성산동),서울특별시,마포구,성산2동,1,
BE_LiST20-0452,외국인관광도시민박업,캠핑 게스트하우스,,"서울특별시 마포구 월드컵북로44길 39, 5층 (상암동)",서울특별시,마포구,상암동,11,
BE_LiST20-0453,외국인관광도시민박업,까미 하우스,,"서울특별시 마포구 망원로2길 103, 103동 9층 902호 (망원동, 망원1차대림아파트)",서울특별시,마포구,망원1동,2,
BE_LiST20-0454,외국인관광도시민박업,Br. house,,"서울특별시 마포구 와우산로29다길 7, 2~3층 (서교동)",서울특별시,마포구,서교동,5,
BE_LiST20-0455,외국인관광도시민박업,반딧불 게스트하우스,,"서울특별시 마포구 동교로38길 28, 2층 (연남동)",서울특별시,마포구,연남동,2,
BE_LiST20-0456,외국인관광도시민박업,감자 게스트하우스,,"서울특별시 마포구 성미산로28길 27, 2층 (연남동)",서울특별시,마포구,연남동,2,
BE_LiST20-0457,외국인관광도시민박업,래래하우스,,"서울특별시 마포구 와우산로29다길 13, 303호 (서교동)",서울특별시,마포구,서교동,1,
BE_LiST20-0458,외국인관광도시민박업,서울맨션2,,"서울특별시 마포구 양화로23길 4-21, 2~3층 (동교동)",서울특별시,마포구,서교동,9,
BE_LiST20-0459,외국인관광도시민박업,도어스 게스트하우스,,"서울특별시 마포구 양화로23길 4-5, 302호 (동교동)",서울특별시,마포구,서교동,2,
BE_LiST20-0460,외국인관광도시민박업,호 홈텔,,"서울특별시 마포구 월드컵로10길 5-5, 3층 (서교동)",서울특별시,마포구,서교동,2,
BE_LiST20-0461,외국인관광도시민박업,인 게스트하우스2,,"서울특별시 마포구 성미산로16길 3-3, B1~1층 (연남동)",서울특별시,마포구,연남동,6,
BE_LiST20-0462,외국인관광도시민박업,쎄울리앙,,"서울특별시 마포구 동교로 262-5, 3~4층 (연남동)",서울특별시,마포구,연남동,1,
BE_LiST20-0463,외국인관광도시민박업,준 게스트하우스,,"서울특별시 마포구 와우산로29나길 24-3, B05호 (서교동)",서울특별시,마포구,서교동,3,
BE_LiST20-0464,외국인관광도시민박업,트릭아트 게스트하우스,,"서울특별시 마포구 동교로39길 9, 3~4층 (연남동)",서울특별시,마포구,연남동,6,
BE_LiST20-0465,외국인관광도시민박업,레빗게스트하우스,,"서울특별시 마포구 동교로 136-6, 1~2층 (서교동)",서울특별시,마포구,서교동,5,
BE_LiST20-0466,외국인관광도시민박업,레오 게스트하우스 홍대입구역 2,,서울특별시 마포구 와우산로35길 9-8 (서교동),서울특별시,마포구,서교동,4,
BE_LiST20-0467,외국인관광도시민박업,Sunny's house,,"서울특별시 마포구 독막로4길 15, 1층 (합정동)",서울특별시,마포구,합정동,3,
BE_LiST20-0001,외국인관광도시민박업,백패커스 인사이드(Backpackers INSIDE),,"서울특별시 종로구 성균관로4길 5, 2층 (명륜2가)",서울특별시,종로구,혜화동,9,
BE_LiST20-0002,외국인관광도시민박업,골든폰드 게스트하우스(GoldenPond GuestHouse),,서울특별시 종로구 창경궁로 240-15 (명륜4가),서울특별시,종로구,혜화동,18,
BE_LiST20-0003,외국인관광도시민박업,봉 하우스(Bong House),,"서울특별시 종로구 성균관로5가길 3, 1층 (명륜3가)",서울특별시,종로구,혜화동,3,
BE_LiST20-0004,외국인관광도시민박업,코리아 센트럴 백팩커스(Korea central Backpackers),,"서울특별시 종로구 창경궁로 243-3 (명륜2가, 지하)",서울특별시,종로구,혜화동,6,
BE_LiST20-0005,외국인관광도시민박업,진하우스(Jin house),,서울특별시 종로구 종로65길 12-24 (숭인동),서울특별시,종로구,숭인2동,3,
BE_LiST20-0006,외국인관광도시민박업,인왕산 게스트하우(Inwangsan Guesthouse),,"서울특별시 종로구 통일로18길 9, 108동 303호 (무악동, 인왕산 I-PARK)",서울특별시,종로구,무악동,1,
BE_LiST20-0045,외국인관광도시민박업,남대문게스트하우스,,서울특별시 중구 퇴계로4길 49 (회현동1가),서울특별시,중구,회현동,8,
BE_LiST20-0046,외국인관광도시민박업,레지던스이오,,서울특별시 중구 퇴계로20길 35 1층 (남산동2가),서울특별시,중구,명동,4,
BE_LiST20-0047,외국인관광도시민박업,에코하우스,,서울특별시 중구 퇴계로22길 13 5층(남산동3가),서울특별시,중구,명동,1,
BE_LiST20-0048,외국인관광도시민박업,명동그린게스트하우스,,서울특별시 중구 소공로 36-16 (회현동2가),서울특별시,중구,회현동,4,
BE_LiST20-0049,외국인관광도시민박업,방랑 게스트하우스,,서울특별시 중구 중림로2길 13-3 (중림동),서울특별시,중구,중림동,13,
BE_LiST20-0050,외국인관광도시민박업,홈스테이 마마하우스,,"서울특별시 중구 퇴계로 217, 709호 (충무로4가, 진양아파트)",서울특별시,중구,광희동,3,
BE_LiST20-0051,외국인관광도시민박업,국제게스트하우스,,서울특별시 중구 퇴계로4길 52-20 (회현동1가),서울특별시,중구,회현동,7,
BE_LiST20-0052,외국인관광도시민박업,엔포시즌,,"서울특별시 중구 퇴계로8길 54, 2층 202호 (회현동1가)",서울특별시,중구,회현동,3,
BE_LiST20-0053,외국인관광도시민박업,B my guesthouse,,서울특별시 중구 소공로6가길 2 (회현동2가),서울특별시,중구,회현동,9,
BE_LiST20-0054,외국인관광도시민박업,곰게스트하우스,,서울특별시 중구 필동로 24-3 (필동2가),서울특별시,중구,필동,3,
BE_LiST20-0055,외국인관광도시민박업,오케이빌,,"서울특별시 중구 을지로 157, 1258호 (산림동, 대림아파트)",서울특별시,중구,을지로동,1,
BE_LiST20-0056,외국인관광도시민박업,아지트 게스트하우스,,서울특별시 중구 다산로10길 5-4 (신당동),서울특별시,중구,약수동,7,
BE_LiST20-0057,외국인관광도시민박업,아이하우스,,"서울특별시 중구 소공로6가길 22, 3층 (회현동2가)",서울특별시,중구,회현동,4,
BE_LiST20-0058,외국인관광도시민박업,마고게스트하우스,,서울특별시 중구 퇴계로36가길 90-6 1층(필동2가),서울특별시,중구,필동,3,
BE_LiST20-0059,외국인관광도시민박업,더붓메인,,"서울특별시 중구 퇴계로 210-14, 2~3층 (필동2가)",서울특별시,중구,필동,3,
BE_LiST20-0060,외국인관광도시민박업,더붓서브,,"서울특별시 중구 퇴계로 210-10, 3~4층 (필동2가)",서울특별시,중구,필동,3,
BE_LiST20-0061,외국인관광도시민박업,그랜드필드게스트하우스,,"서울특별시 중구 퇴계로14길 29, 5층 602호 (남산동1가)",서울특별시,중구,명동,6,
BE_LiST20-0062,외국인관광도시민박업,제이오너,,"서울특별시 중구 소공로6나길 8, 3층 301호 (회현동2가)",서울특별시,중구,회현동,2,
BE_LiST20-0063,외국인관광도시민박업,마마게스트하우스1,,"서울특별시 중구 소파로4길 34-1, 1층 (예장동)",서울특별시,중구,필동,10,
BE_LiST20-0064,외국인관광도시민박업,코리아즈컴,,"서울특별시 중구 퇴계로90길 74, 107동 1301호 (신당동, 래미안신당하이베르)",서울특별시,중구,신당5동,3,
BE_LiST20-0065,외국인관광도시민박업,능마루게스트하우스,,서울특별시 중구 퇴계로20나길 2-15 (남산동2가) 1~2층,서울특별시,중구,명동,10,
BE_LiST20-0066,외국인관광도시민박업,타오타운,,"서울특별시 중구 동호로 235-14, 2,3층 (장충동2가)",서울특별시,중구,장충동,17,
BE_LiST20-0067,외국인관광도시민박업,게스트하우스명동2,,"서울특별시 중구 퇴계로26길 7-8, 1층 (남학동)",서울특별시,중구,필동,3,
BE_LiST20-0068,외국인관광도시민박업,이가정원,,서울특별시 중구 퇴계로20길 25-16 (남산동2가),서울특별시,중구,명동,7,
BE_LiST20-0069,외국인관광도시민박업,씨티하우스,,"서울특별시 중구 중림로8길 10, 201호 (중림동, 용궁빌라)",서울특별시,중구,중림동,2,
BE_LiST20-0070,외국인관광도시민박업,웰컴게스트하우스,,"서울특별시 중구 소공로6나길 1, 1층 (회현동2가)",서울특별시,중구,회현동,3,
BE_LiST20-0071,외국인관광도시민박업,스타리아호스텔,,"서울특별시 중구 퇴계로20길 38, 3층 (남산동2가)",서울특별시,중구,명동,4,
BE_LiST20-0072,외국인관광도시민박업,키키게스트하우스,,"서울특별시 중구 퇴계로53길 10, 3층 (쌍림동)",서울특별시,중구,광희동,2,
BE_LiST20-0073,외국인관광도시민박업,에이블게스트하우스,,서울특별시 중구 을지로 282-6 (을지로7가),서울특별시,중구,광희동,7,
BE_LiST20-0074,외국인관광도시민박업,베스틴빌라,,"서울특별시 중구 퇴계로20나길 36, 1층 1호 (남산동2가)",서울특별시,중구,명동,1,
BE_LiST20-0075,외국인관광도시민박업,아그리나,,서울특별시 중구 퇴계로36길 50-4 (필동2가),서울특별시,중구,필동,6,
BE_LiST20-0076,외국인관광도시민박업,수게스트하우스,,서울특별시 중구 퇴계로20길 25-28 (남산동2가),서울특별시,중구,명동,7,
BE_LiST20-0077,외국인관광도시민박업,Crib49게스트하우스,,서울특별시 중구 퇴계로20나길 49 (남산동2가),서울특별시,중구,명동,6,
BE_LiST20-0078,외국인관광도시민박업,더힐,,서울특별시 중구 퇴계로20나길 31 (예장동),서울특별시,중구,명동,7,
BE_LiST20-0079,외국인관광도시민박업,IU게스트하우스,,서울특별시 중구 소공로6나길 11 3층 (회현동2가),서울특별시,중구,회현동,3,
BE_LiST20-0080,외국인관광도시민박업,YL게스트하우스,,서울특별시 중구 소공로6나길 11 2층 (회현동2가),서울특별시,중구,회현동,3,
BE_LiST20-0081,외국인관광도시민박업,USB하우스,,서울특별시 중구 동호로 290-9 (장충동2가),서울특별시,중구,장충동,9,
BE_LiST20-0082,외국인관광도시민박업,레인보우게스트하우스,,서울특별시 중구 필동로 86 (필동3가),서울특별시,중구,필동,1,
BE_LiST20-0083,외국인관광도시민박업,원즈빌,,서울특별시 중구 퇴계로 162-3 (주자동),서울특별시,중구,필동,5,
BE_LiST20-0084,외국인관광도시민박업,레드,,서울특별시 중구 소공로6길 32 2층 (남산동2가),서울특별시,중구,명동,6,
BE_LiST20-0085,외국인관광도시민박업,서울역리가 홈스테이,,"서울특별시 중구 만리재로33길 21, 101동 402층 (만리동1가, lig 서울역리가)",서울특별시,중구,중림동,1,
BE_LiST20-0007,외국인관광도시민박업,경복궁 게스트하우스 (KYUNG BOK GUNG Guesthouse),,"서울특별시 종로구 자하문로19길 23, 2층 (옥인동, 케이엠빌)",서울특별시,종로구,청운효자동,3,
BE_LiST20-0392,외국인관광도시민박업,디스이즈,,"서울특별시 마포구 연남로3길 8-12, 3~4층 (연남동)",서울특별시,마포구,연남동,4,
BE_LiST20-0393,외국인관광도시민박업,늦잠 게스트하우스,,"서울특별시 마포구 성지길 35, 5층 (합정동)",서울특별시,마포구,합정동,3,
BE_LiST20-0394,외국인관광도시민박업,Cocoon stay 홍대입구역점,,서울특별시 마포구 양화로18안길 34 (동교동),서울특별시,마포구,서교동,9,
BE_LiST20-0395,외국인관광도시민박업,SJ,,"서울특별시 마포구 독막로29길 38-3, 202호 (신수동)",서울특별시,마포구,신수동,2,
BE_LiST20-0396,외국인관광도시민박업,OH House,,"서울특별시 마포구 월드컵북로6길 87, 302호 (연남동)",서울특별시,마포구,연남동,2,
BE_LiST20-0397,외국인관광도시민박업,잠자는딸기,,"서울특별시 마포구 와우산로38길 24, 1층 (동교동)",서울특별시,마포구,서교동,2,
BE_LiST20-0398,외국인관광도시민박업,세렌디피티 ; 갈맥이둥지,,"서울특별시 마포구 연희로1길 19, 2층 (동교동)",서울특별시,마포구,서교동,3,
BE_LiST20-0399,외국인관광도시민박업,The ONE,,"서울특별시 마포구 독막로9길 43, 4~5층 (서교동)",서울특별시,마포구,서교동,5,
BE_LiST20-0400,외국인관광도시민박업,패밀리 앤 프렌즈 하우스 2,,"서울특별시 마포구 월드컵북로6길 81-7, 2~3층 (연남동)",서울특별시,마포구,연남동,3,
BE_LiST20-0401,외국인관광도시민박업,DY House,,"서울특별시 마포구 양화로6길 57-24, 3층 (서교동)",서울특별시,마포구,서교동,2,
BE_LiST20-0402,외국인관광도시민박업,엣홈,,"서울특별시 마포구 신촌로2안길 52, 4층 (동교동)",서울특별시,마포구,서교동,2,
BE_LiST20-0403,외국인관광도시민박업,에이블 게스트하우스(Able Guesthouse),,"서울특별시 마포구 와우산로29마길 7-8, 2,3층 (서교동)",서울특별시,마포구,서교동,10,
BE_LiST20-0404,외국인관광도시민박업,이강게스트하우스,,"서울특별시 마포구 월드컵북로11길 12, 4층 401호 (성산동)",서울특별시,마포구,성산1동,4,
BE_LiST20-0405,외국인관광도시민박업,허니하우스(Honey House),,"서울특별시 마포구 동교로 148-6, 1,2층 (서교동)",서울특별시,마포구,서교동,6,
BE_LiST20-0406,외국인관광도시민박업,홍대 올리브 게스트하우스,,"서울특별시 마포구 월드컵북로5길 50, 1,2층 (서교동)",서울특별시,마포구,서교동,5,
BE_LiST20-0407,외국인관광도시민박업,이노게스트하우스,,"서울특별시 마포구 월드컵로8길 37-7, 1층 (서교동)",서울특별시,마포구,서교동,4,
BE_LiST20-0408,외국인관광도시민박업,Ashley House,,서울특별시 마포구 와우산로32길 40 (서교동),서울특별시,마포구,서교동,2,
BE_LiST20-0409,외국인관광도시민박업,차차차 게스트하우스,,"서울특별시 마포구 희우정로7길 5, 2층 301호 (합정동)",서울특별시,마포구,합정동,1,
BE_LiST20-0410,외국인관광도시민박업,해밀,,"서울특별시 마포구 동교로46길 30, 1층 101호 (연남동)",서울특별시,마포구,연남동,1,
BE_LiST20-0411,외국인관광도시민박업,알 베르게(AL BERGUE),,"서울특별시 마포구 동교로47길 32, 201호 (연남동)",서울특별시,마포구,연남동,1,
BE_LiST20-0412,외국인관광도시민박업,하우스 버닝하트,,"서울특별시 마포구 양화로6길 27, 3층 (서교동)",서울특별시,마포구,서교동,2,
BE_LiST20-0413,외국인관광도시민박업,홍시게스트하우스,,"서울특별시 마포구 양화로23길 4-5, 202호 (동교동)",서울특별시,마포구,서교동,2,
BE_LiST20-0414,외국인관광도시민박업,Vin Guest House,,서울특별시 마포구 와우산로11길 9-13 (상수동),서울특별시,마포구,서강동,3,
BE_LiST20-0415,외국인관광도시민박업,어게인(AGAIN),,"서울특별시 마포구 와우산로29길 56-8, 103호~2층 (서교동)",서울특별시,마포구,서교동,1,
BE_LiST20-0416,외국인관광도시민박업,Ann guesthouse,,서울특별시 마포구 월드컵북로4길 23-3 (동교동),서울특별시,마포구,서교동,6,
BE_LiST20-0417,외국인관광도시민박업,choibnb,,"서울특별시 마포구 신촌로4길 5-7, 101호 (동교동)",서울특별시,마포구,서교동,1,
BE_LiST20-0418,외국인관광도시민박업,애플트리(Apple tree),,"서울특별시 마포구 월드컵로20길 41-5, 1층 (성산동)",서울특별시,마포구,성산1동,3,
BE_LiST20-0419,외국인관광도시민박업,Gateway Korea Guesthouse,,"서울특별시 마포구 독막로3길 50, 2층 (서교동)",서울특별시,마포구,서교동,3,
BE_LiST20-0420,외국인관광도시민박업,Homini,,"서울특별시 마포구 와우산로33길 4, 2층 (서교동)",서울특별시,마포구,서교동,3,
BE_LiST20-0421,외국인관광도시민박업,guesthouse kw hongdae Line,,"서울특별시 마포구 동교로 242-11, 201호 (연남동)",서울특별시,마포구,연남동,1,
BE_LiST20-0422,외국인관광도시민박업,Miss Egg House,,서울특별시 마포구 대흥로 116-2 (대흥동),서울특별시,마포구,대흥동,2,
BE_LiST20-0423,외국인관광도시민박업,나누게스트하우스 3호점,,"서울특별시 마포구 와우산로33길 8, 지하1층 (서교동)",서울특별시,마포구,서교동,1,
BE_LiST20-0424,외국인관광도시민박업,Ubreaktime,,서울특별시 마포구 와우산로29라길 21-1 (서교동),서울특별시,마포구,서교동,6,
BE_LiST20-0425,외국인관광도시민박업,해피트리 게스트하우스 2호점,,"서울특별시 마포구 와우산로29다길 15, 202호 (서교동)",서울특별시,마포구,서교동,2,
BE_LiST20-0426,외국인관광도시민박업,다온하우스,,"서울특별시 마포구 양화로23길 16-6, 1층 (동교동)",서울특별시,마포구,서교동,2,
BE_LiST20-0427,외국인관광도시민박업,I Love Hongdae,,서울특별시 마포구 성지1길 10-20 (합정동),서울특별시,마포구,합정동,2,
BE_LiST20-0428,외국인관광도시민박업,유기농 게스트하우스,,"서울특별시 마포구 동교로 47-4, 2,3층 (망원동)",서울특별시,마포구,망원1동,21,
BE_LiST20-0429,외국인관광도시민박업,하이준 게스트하우스,,"서울특별시 마포구 동교로45길 3-6, 2층 (연남동)",서울특별시,마포구,연남동,2,
BE_LiST20-0430,외국인관광도시민박업,조이 게스트하우스,,"서울특별시 마포구 성미산로3길 38, 207호 (성산동)",서울특별시,마포구,성산1동,1,
BE_LiST20-0431,외국인관광도시민박업,Sweet Comfort,,"서울특별시 마포구 동교로38길 27-5, 1층 (연남동)",서울특별시,마포구,연남동,3,
BE_LiST20-0432,외국인관광도시민박업,롬바드하우스,,"서울특별시 마포구 동교로16길 17, 4층 (서교동)",서울특별시,마포구,서교동,6,
BE_LiST20-0214,외국인관광도시민박업,Seven Stay,,"서울특별시 동대문구 사가정로 65, 103동 1005호 (전농동, 래미안크레시티)",서울특별시,동대문구,전농1동,2,
BE_LiST20-0215,외국인관광도시민박업,건영 홈스테이,,"서울특별시 중랑구 신내로7나길 24, 212동 101호 (상봉동, 건영2차아파트)",서울특별시,중랑구,신내2동,2,
BE_LiST20-0216,외국인관광도시민박업,사가정 홈스테이,,서울특별시 중랑구 면목로44다길 16-6 (면목동),서울특별시,중랑구,면목제3.8동,2,
BE_LiST20-0217,외국인관광도시민박업,트리하우스,,서울특별시 중랑구 상봉중앙로8길 19-12 (상봉동),서울특별시,중랑구,상봉1동,1,
BE_LiST20-0218,외국인관광도시민박업,브라운스톤,,"서울특별시 성북구 북악산로 844, 101동 1604호 (돈암동, 브라운스톤 돈암아파트)",서울특별시,성북구,돈암1동,2,
BE_LiST20-0219,외국인관광도시민박업,Yam Guest House,,서울특별시 성북구 동소문로28길 46 (동선동3가),서울특별시,성북구,동선동,2,
BE_LiST20-0220,외국인관광도시민박업,BJ Guest House,,서울특별시 성북구 성북로5길 25-2 (성북동1가),서울특별시,성북구,성북동,1,
BE_LiST20-0221,외국인관광도시민박업,두리 게스트 하우스,,서울특별시 성북구 회기로 5-8 (종암동),서울특별시,성북구,종암동,5,
BE_LiST20-0222,외국인관광도시민박업,닥터죤의 게스트하우스(Dr john's guest house),,"서울특별시 성북구 아리랑로5길 92, 103동 1102호 (돈암동, 돈암신일해피트리@)",서울특별시,성북구,돈암2동,2,
BE_LiST20-0223,외국인관광도시민박업,라일락(Lilac),,서울특별시 성북구 종암로23길 35 (종암동),서울특별시,성북구,종암동,1,
BE_LiST20-0224,외국인관광도시민박업,까사페페,,서울특별시 성북구 성북로23길 25-19 (성북동),서울특별시,성북구,성북동,2,
BE_LiST20-0225,외국인관광도시민박업,다솜,,서울특별시 성북구 삼선교로12길 4-5 (삼선동2가),서울특별시,성북구,삼선동,2,
BE_LiST20-0226,외국인관광도시민박업,아리랑,,"서울특별시 성북구 성북로24길 25, 1층 (성북동)",서울특별시,성북구,성북동,1,
BE_LiST20-0227,외국인관광도시민박업,케이팝(K-POP),,"서울특별시 성북구 길음로 119, 217동 402호 (길음동, 길음뉴타운)",서울특별시,성북구,길음1동,1,
BE_LiST20-0228,외국인관광도시민박업,Star Class Guest House,,"서울특별시 성북구 화랑로 76, 101동 25층 2501호 (하월곡동)",서울특별시,성북구,월곡2동,2,
BE_LiST20-0229,외국인관광도시민박업,SEOUL FAMILY HOUSE,,"서울특별시 성북구 정릉로 402-16, 104동 709호 (돈암동, 범양아파트)",서울특별시,성북구,돈암1동,1,
BE_LiST20-0230,외국인관광도시민박업,K-WINGS,,"서울특별시 성북구 동소문로34길 24, 106동 302호 (돈암동, 삼성아파트)",서울특별시,성북구,돈암1동,2,
BE_LiST20-0231,외국인관광도시민박업,B&B HAO,,서울특별시 성북구 솔샘로11길 46 (정릉동),서울특별시,성북구,정릉3동,3,
BE_LiST20-0232,외국인관광도시민박업,우주 하우스,,서울특별시 성북구 동소문로 21-20 (동소문동1가),서울특별시,성북구,삼선동,5,
BE_LiST20-0233,외국인관광도시민박업,YNNY HOUSE,,서울특별시 성북구 삼선교로14길 47-5 (삼선동2가),서울특별시,성북구,삼선동,2,
BE_LiST20-0234,외국인관광도시민박업,해피하우스,,강북구 삼양로 27길 19 삼성래미안트리베라 217-404 ,서울특별시,강북구,삼각산동,1,
BE_LiST20-0235,외국인관광도시민박업,주니네하우스,,강북구 삼양로 256 래미안아파트 105-1402 ,서울특별시,강북구,삼양동,2,
BE_LiST20-0236,외국인관광도시민박업,토마토민박,,강북구 삼양로 138길 66-9 백운에코빌 502호,서울특별시,강북구,수유2동,1,
BE_LiST20-0237,외국인관광도시민박업,오하우스,,강북구 도봉로 10라길 20-3,서울특별시,강북구,송중동,1,
BE_LiST20-0238,외국인관광도시민박업,그린홈스테이,,"서울시 도봉구 노해로63다길 34, 101-1309 (창동, 동아그린아파트)",서울특별시,도봉구,창5동,1,
BE_LiST20-0239,외국인관광도시민박업,도봉홈스테이,,"서울시 도봉구 마들로 859-19, 109-1109 (도봉동, 한신아파트)",서울특별시,도봉구,도봉2동,2,
BE_LiST20-0240,외국인관광도시민박업,해피비니하우스,,"서울시 도봉구 노해로63다길 34, 103-1203 (창동, 동아그린아파트)",서울특별시,도봉구,창5동,1,
BE_LiST20-0241,외국인관광도시민박업,Dobong House,,"서울시 도봉구 해등로 231, 8-1208 (쌍문동, 한양아파트)",서울특별시,도봉구,쌍문4동,2,
BE_LiST20-0242,외국인관광도시민박업,즐거운 집,,"서울시 도봉구 도봉로136길 28, 507-104 (창동, 북한산아이파크아파트)",서울특별시,도봉구,창5동,3,
BE_LiST20-0086,외국인관광도시민박업,24게스트하우스남산가든점,,서울특별시 중구 퇴계로20나길 2-23 (남산동2가) 2층,서울특별시,중구,명동,5,
BE_LiST20-0087,외국인관광도시민박업,남산게스트하우스5,,"서울특별시 중구 퇴계로18길 67, 5층 (남산동2가)",서울특별시,중구,명동,3,
BE_LiST20-0088,외국인관광도시민박업,낸시게스트하우스,,"서울특별시 중구 퇴계로14길 29, 503호,504호 (남산동1가)",서울특별시,중구,명동,5,
BE_LiST20-0089,외국인관광도시민박업,보듬,,서울특별시 중구 소공로4길 17-5 (회현동2가),서울특별시,중구,회현동,5,
BE_LiST20-0090,외국인관광도시민박업,조아요(zoayo),,"서울특별시 중구 소공로6길 34, 4층 (남산동2가)",서울특별시,중구,명동,2,
BE_LiST20-0091,외국인관광도시민박업,루카스게스트하우스,,서울특별시 중구 퇴계로14길 29 4층 (남산동1가),서울특별시,중구,명동,2,
BE_LiST20-0092,외국인관광도시민박업,더메이 포레스트빌,,"서울특별시 중구 장충단로8길 11-12, 1층 (장충동1가)",서울특별시,중구,장충동,6,
BE_LiST20-0093,외국인관광도시민박업,지지 게스트하우스,,서울특별시 중구 퇴계로24길 2-7 (남산동3가),서울특별시,중구,명동,8,
BE_LiST20-0094,외국인관광도시민박업,맘하우스(명동맘하우스),,"서울특별시 중구 퇴계로22길 11, 6층 (남산동3가)",서울특별시,중구,명동,6,
BE_LiST20-0095,외국인관광도시민박업,서울 타이완 게스트하우스,,서울특별시 중구 퇴계로10길 20-18 (회현동1가),서울특별시,중구,회현동,7,
BE_LiST20-0096,외국인관광도시민박업,플랜에이호스텔,,서울특별시 중구 청구로 138 (신당동),서울특별시,중구,신당동,7,
BE_LiST20-0097,외국인관광도시민박업,무지개 게스트하우스,,"서울특별시 중구 퇴계로31길 29 (충무로3가, 옥탑층)",서울특별시,중구,필동,2,
BE_LiST20-0098,외국인관광도시민박업,토마토 게스트하우스,,"서울특별시 중구 퇴계로20가길 8-1 1,2층(남산동2가)",서울특별시,중구,명동,8,
BE_LiST20-0099,외국인관광도시민박업,코지스테이,,"서울특별시 중구 마장로9길 49-19, 4,5층 (황학동)",서울특별시,중구,황학동,2,
BE_LiST20-0100,외국인관광도시민박업,준게스트하우스,,"서울특별시 중구 퇴계로20나길 9, 3층 (남산동2가)",서울특별시,중구,명동,7,
BE_LiST20-0101,외국인관광도시민박업,아미하우스,,"서울특별시 중구 난계로11길 16, 10층 (황학동, 아미인 )",서울특별시,중구,황학동,4,
BE_LiST20-0102,외국인관광도시민박업,게스트하우스 도담,,"서울특별시 중구 후암로58길 13 (남대문로5가, 1~3층)",서울특별시,중구,회현동,7,
BE_LiST20-0103,외국인관광도시민박업,88 게스트하우스,,서울특별시 중구 퇴계로16길 14-10 (회현동3가),서울특별시,중구,회현동,7,
BE_LiST20-0104,외국인관광도시민박업,드림하우스1,,"서울특별시 중구 퇴계로6길 22-1, 2층 (남창동)",서울특별시,중구,회현동,2,
BE_LiST20-0105,외국인관광도시민박업,드림하우스2,,"서울특별시 중구 퇴계로6길 22-1, 3층 (남창동)",서울특별시,중구,회현동,2,
BE_LiST20-0106,외국인관광도시민박업,드림하우스3,,"서울특별시 중구 퇴계로6길 22-1, 4층 (남창동)",서울특별시,중구,회현동,2,
BE_LiST20-0107,외국인관광도시민박업,퍼스트하우스,,"서울특별시 중구 퇴계로 217, 1동 1159호 (충무로4가)",서울특별시,중구,광희동,3,
BE_LiST20-0108,외국인관광도시민박업,윤 게스트하우스,,"서울특별시 중구 퇴계로18길 67-9, 1~2층 (남산동2가)",서울특별시,중구,명동,7,
BE_LiST20-0109,외국인관광도시민박업,남대문게스트하우스2,,"서울특별시 중구 퇴계로10길 20-36, 1~2층 (회현동1가)",서울특별시,중구,회현동,4,
BE_LiST20-0110,외국인관광도시민박업,오주 게스트하우스,,"서울특별시 중구 청구로21길 46, 503호 (신당동)",서울특별시,중구,다산동,1,
BE_LiST20-0111,외국인관광도시민박업,제이오너 Ⅱ,,"서울특별시 중구 소공로6나길 8, 302호 (회현동2가)",서울특별시,중구,회현동,2,
BE_LiST20-0112,외국인관광도시민박업,제이오너 Ⅲ,,"서울특별시 중구 소공로6나길 8, 202호 (회현동2가)",서울특별시,중구,회현동,2,
BE_LiST20-0113,외국인관광도시민박업,마마 게스트하우스2,,"서울특별시 중구 소파로4길 34-1, 지층 (예장동)",서울특별시,중구,필동,3,
BE_LiST20-0114,외국인관광도시민박업,코니하우스,,서울특별시 중구  퇴계로52길 5-3 1~2층 (쌍림동 ),서울특별시,중구,광희동,10,
BE_LiST20-0115,외국인관광도시민박업,J-Story 게스트하우스,,"서울특별시 중구 중림로9길 6, 1~3층 (중림동)",서울특별시,중구,중림동,8,
BE_LiST20-0116,외국인관광도시민박업,낙원(PARADISE) 게스트하우스,,"서울특별시 중구 장충단로8길 45-4, 1~2층 (장충동1가, (201호 제외))",서울특별시,중구,장충동,1,
BE_LiST20-0117,외국인관광도시민박업,드리머스 게스트하우스,,"서울특별시 중구 퇴계로32길 40-3, 2층 (예장동)",서울특별시,중구,필동,5,
BE_LiST20-0118,외국인관광도시민박업,이브,,"서울특별시 중구 퇴계로20길 41-14, 2층 (남산동2가)",서울특별시,중구,명동,1,
BE_LiST20-0119,외국인관광도시민박업,게스트하우스 더힐2,,서울특별시 중구 퇴계로20나길 27 (예장동),서울특별시,중구,필동,7,
BE_LiST20-0120,외국인관광도시민박업,충정로 삼성 홈스테이,,"서울특별시 중구 중림로 10, 106동 801호(중림동)",서울특별시,중구,중림동,2,
BE_LiST20-0121,외국인관광도시민박업,아네스 인,,서울특별시 용산구 녹사평대로40다길 17 (이태원동),서울특별시,용산구,이태원2동,7,
BE_LiST20-0122,외국인관광도시민박업,Robin's Nest (로빈스 네스트),,"서울특별시 용산구 이태원로 216-6, 203호 (한남동)",서울특별시,용산구,한남동,3,
BE_LiST20-0123,외국인관광도시민박업,한강뷰(Han river View),,"서울특별시 용산구 이촌로 1, 2401호 (한강로3가, GS한강에클라트)",서울특별시,용산구,한강로동,2,
BE_LiST20-0124,외국인관광도시민박업,덕수궁하우스(Deok su gung House),,서울특별시 용산구 원효로71길 7-13 (원효로2가),서울특별시,용산구,원효로1동,4,
BE_LiST20-0125,외국인관광도시민박업,Itaewon backpackers,,서울특별시 용산구 이태원로36길 19-8 (한남동),서울특별시,용산구,한남동,6,
BE_LiST20-0126,외국인관광도시민박업,시온게스트하우스,,서울특별시 용산구 한남대로27가길 26-10 (한남동),서울특별시,용산구,한남동,4,
BE_LiST20-0127,외국인관광도시민박업,SP@Itaewon,,서울특별시 용산구 이태원로23길 22 (이태원동),서울특별시,용산구,이태원1동,7,
BE_LiST20-0243,외국인관광도시민박업,둘리게스트하우스 (Dooly Guesthouse),,서울시 도봉구 노해로48길 26-5 (쌍문동),서울특별시,도봉구,쌍문3동,2,
BE_LiST20-0244,외국인관광도시민박업,DREM HOUSE,,"서울특별시 노원구 공릉로 430, 103동 701호 (중계동, 중앙하이츠아쿠아)",서울특별시,노원구,중계2.3동,1,
BE_LiST20-0245,외국인관광도시민박업,The Healing Homestay,,"서울특별시 노원구 한글비석로15길 51, 201동 906호 (중계동, 현대아파트)",서울특별시,노원구,중계4동,1,
BE_LiST20-0246,외국인관광도시민박업,Smile Homestay,,"서울특별시 노원구 섬밭로 265, 6동 15층 2호 (중계동, 경남아파트)",서울특별시,노원구,중계2.3동,1,
BE_LiST20-0247,외국인관광도시민박업,sun flower,,"서울특별시 노원구 상계로23길 60-3, 401호 (상계동, 우리아트빌)",서울특별시,노원구,상계2동,1,
BE_LiST20-0248,외국인관광도시민박업,COSMOS HOUSE,,"서울특별시 노원구 공릉로 206, 103동 301호 (공릉동, 동부아파트)",서울특별시,노원구,공릉2동,1,
BE_LiST20-0249,외국인관광도시민박업,한국인의 집,,서울특별시 은평구 불광동 131-16번지 ,서울특별시,은평구,불광2동,2,
BE_LiST20-0250,외국인관광도시민박업,히토미,,서울특별시 은평구 갈현동 540번지 우남아파트 102동 202호,서울특별시,은평구,갈현2동,2,
BE_LiST20-0251,외국인관광도시민박업,해피 하우스,,서울특별시 은평구 진관동 106번지 은평뉴타운 마고정 305동 201호,서울특별시,은평구,진관동,1,
BE_LiST20-0252,외국인관광도시민박업,아이맘,,서울특별시 은평구 갈현동 406-22번지 ,서울특별시,은평구,갈현1동,3,
BE_LiST20-0253,외국인관광도시민박업,모모줌마하우스,,서울특별시 은평구 진관동 27번지 은평뉴타운 구파발아파트 1016동 602호,서울특별시,은평구,진관동,1,
BE_LiST20-0254,외국인관광도시민박업,파라다이스,,서울특별시 은평구 진관동 11번지 은평뉴타운 상림마을 ,서울특별시,은평구,진관동,2,
BE_LiST20-0255,외국인관광도시민박업,감나무가 있는 집,,서울특별시 은평구 신사동 236-26번지 ,서울특별시,은평구,신사2동,4,
BE_LiST20-0256,외국인관광도시민박업,재오하우스,,서울특별시 은평구 증산동 202-28번지 삼보아트빌 202호,서울특별시,은평구,증산동,4,
BE_LiST20-0257,외국인관광도시민박업,항아리하우스,,서울특별시 은평구 응암동 34-25번지 ,서울특별시,은평구,응암1동,2,
BE_LiST20-0258,외국인관광도시민박업,엠마의 집,,서울특별시 은평구 대조동 200-18번지 ,서울특별시,은평구,대조동,4,
BE_LiST20-0259,외국인관광도시민박업,제니의 집,,서울특별시 은평구 응암동 593-21번지 ,서울특별시,은평구,응암3동,1,
BE_LiST20-0260,외국인관광도시민박업,스마일 홈스테이,,서울특별시 은평구 진관동 105번지 은평뉴타운마고정아파트 324동 505호,서울특별시,은평구,진관동,1,
BE_LiST20-0261,외국인관광도시민박업,한진,,서울특별시 은평구 진관동 12번지 은평뉴타운상림마을 712동 205호,서울특별시,은평구,진관동,2,
BE_LiST20-0262,외국인관광도시민박업,북한산 옐로우 게스트 하우스,,서울특별시 은평구 불광동 16-96번지 ,서울특별시,은평구,불광1동,2,
BE_LiST20-0263,외국인관광도시민박업,서울 홈스테이,,서울특별시 은평구 구산동 177-8번지 ,서울특별시,은평구,구산동,2,
BE_LiST20-0264,외국인관광도시민박업,글로벌 홈,,서울특별시 은평구 진관동 81번지 ,서울특별시,은평구,진관동,1,
BE_LiST20-0265,외국인관광도시민박업,제이에스하우스 2,,서울특별시 은평구 신사동 34-4번지 202호,서울특별시,은평구,신사1동,2,
BE_LiST20-0266,외국인관광도시민박업,제이에스하우스 1,,서울특별시 은평구 신사동 34-4번지 201호,서울특별시,은평구,신사1동,2,
BE_LiST20-0267,외국인관광도시민박업,아름다운 황토집,,서울특별시 은평구 불광동 480-261번지 ,서울특별시,은평구,불광2동,2,
BE_LiST20-0268,외국인관광도시민박업,씨티게스트하우스,,서울특별시 서대문구 연희로15길 83-9 (연희동),서울특별시,서대문구,연희동,5,
BE_LiST20-0269,외국인관광도시민박업,스마일스테이,,"서울특별시 서대문구 연희로29길 21, 101, 102호호 (연희동, 파레스빌라)",서울특별시,서대문구,연희동,2,
BE_LiST20-0128,외국인관광도시민박업,Guest house Itawon hills,,"서울특별시 용산구 장문로 27 (이태원동, 22-2 청화아파트 4동 1101호)",서울특별시,용산구,서빙고동,3,
BE_LiST20-0129,외국인관광도시민박업,피터하우스(PETER HOUSE),,"서울특별시 용산구 독서당로 123, 202호 (한남동, 아울스스퀘어)",서울특별시,용산구,한남동,3,
BE_LiST20-0130,외국인관광도시민박업,고사리하우스,,"서울특별시 용산구 효창원로 17 (산천동, 193 리버힐삼성아파트 102동 201호)",서울특별시,용산구,원효로2동,2,
BE_LiST20-0131,외국인관광도시민박업,쯔요시노이에(tuyosinoie),,"서울특별시 용산구 후암로30길 17, 401호 (후암동, 60-12 노바펠리스)",서울특별시,용산구,후암동,3,
BE_LiST20-0132,외국인관광도시민박업,아오이소라,,"서울특별시 용산구 이촌로 174, 103동 2107호 (이촌동)",서울특별시,용산구,이촌1동,2,
BE_LiST20-0133,외국인관광도시민박업,마틴비앤비,,서울특별시 용산구 효창원로76길 18 (효창동),서울특별시,용산구,청파동,4,
BE_LiST20-0134,외국인관광도시민박업,ryan민박,,"서울특별시 용산구 이촌로 100-8, 101동 1002호 (이촌동, 동아그린아파트)",서울특별시,용산구,이촌2동,2,
BE_LiST20-0135,외국인관광도시민박업,제로미네,,"서울특별시 용산구 이태원로23길 21 (이태원동, 1~2층)",서울특별시,용산구,이태원1동,4,
BE_LiST20-0136,외국인관광도시민박업,한리버뷰하우스,,"서울특별시 용산구 이촌로46길 26, 601호 (이촌동, 퀸스리버빌)",서울특별시,용산구,이촌1동,3,
BE_LiST20-0137,외국인관광도시민박업,파인트리게스트하우스,,서울특별시 용산구 한강대로52길 29-3 (한강로1가),서울특별시,용산구,한강로동,5,
BE_LiST20-0138,외국인관광도시민박업,진스파라다이스,,"서울특별시 용산구 녹사평대로26길 38, 7층동 (이태원동)",서울특별시,용산구,이태원1동,3,
BE_LiST20-0139,외국인관광도시민박업,하우스(HA;US),,"서울특별시 용산구 우사단로10길 68, 3층동 (보광동)",서울특별시,용산구,한남동,2,
BE_LiST20-0140,외국인관광도시민박업,UN게스트하우스,,"서울특별시 용산구 독서당로 108, 2층 A호 (한남동, 유엔맨숀)",서울특별시,용산구,한남동,2,
BE_LiST20-0141,외국인관광도시민박업,비니게스트하우스,,"서울특별시 용산구 대사관로24길 6-11, 지상1층 (한남동)",서울특별시,용산구,한남동,2,
BE_LiST20-0142,외국인관광도시민박업,팝앳이태원,,"서울특별시 용산구 녹사평대로32길 9, 2층 (이태원동)",서울특별시,용산구,이태원1동,6,
BE_LiST20-0143,외국인관광도시민박업,서울펜슬,,서울특별시 용산구 청파로47길 37-23 (청파동3가),서울특별시,용산구,청파동,9,
BE_LiST20-0144,외국인관광도시민박업,이태원인,,"서울특별시 용산구 보광로 103-2, 4층 (이태원동)",서울특별시,용산구,이태원1동,9,
BE_LiST20-0145,외국인관광도시민박업,이즈앳케이 게스트하우스,,"서울특별시 용산구 이태원로42길 20, 3층 (한남동)",서울특별시,용산구,한남동,2,
BE_LiST20-0146,외국인관광도시민박업,이태원G 게스트하우스,,"서울특별시 용산구 보광로60길 14-38, 3층 (이태원동)",서울특별시,용산구,이태원1동,3,
BE_LiST20-0147,외국인관광도시민박업,Noel's Guest House,,서울특별시 용산구 이태원로26길 16-10 (이태원동),서울특별시,용산구,이태원1동,4,
BE_LiST20-0148,외국인관광도시민박업,타이거하우스,,"서울특별시 용산구 우사단로10길 78, 4층 (보광동)",서울특별시,용산구,한남동,1,
BE_LiST20-0149,외국인관광도시민박업,SS게스트하우스,,서울특별시 용산구 청파로 359-3 (서계동),서울특별시,용산구,청파동,4,
BE_LiST20-0150,외국인관광도시민박업,토미시스템,,"서울특별시 용산구 효창원로25다길 33-7, 201호 (용문동)",서울특별시,용산구,용문동,1,
BE_LiST20-0151,외국인관광도시민박업,코지플레이스인이태원,,"서울특별시 용산구 이태원로17길 23-9, 1~2층 (이태원동)",서울특별시,용산구,이태원1동,7,
BE_LiST20-0152,외국인관광도시민박업,24게스트하우스 이태원점,,서울특별시 용산구 이태원로23길 16-5 (이태원동),서울특별시,용산구,이태원1동,8,
BE_LiST20-0153,외국인관광도시민박업,노매드하우스이태원,,"서울특별시 용산구 녹사평대로46길 79, B01호 (이태원동)",서울특별시,용산구,이태원2동,3,
BE_LiST20-0154,외국인관광도시민박업,24게스트하우스 서울도심공항점,,서울특별시 용산구 만리재로40길 22 (서계동),서울특별시,용산구,청파동,8,
BE_LiST20-0155,외국인관광도시민박업,쏘셜하우스(Social House),,"서울특별시 용산구 이태원로26길 16-2, 2층 (이태원동)",서울특별시,용산구,이태원1동,2,
BE_LiST20-0156,외국인관광도시민박업,요트(Yacht),,서울특별시 용산구 이태원로23길 23 (이태원동),서울특별시,용산구,이태원1동,5,
BE_LiST20-0157,외국인관광도시민박업,LAON(라온),,서울특별시 용산구 회나무로26길 43 (이태원동),서울특별시,용산구,이태원2동,2,
BE_LiST20-0158,외국인관광도시민박업,seoul corner guest house,,서울특별시 용산구 한강대로 287 (갈월동),서울특별시,용산구,남영동,5,
BE_LiST20-0159,외국인관광도시민박업,G게스트홈,,서울특별시 용산구 녹사평대로26가길 24-4 (이태원동),서울특별시,용산구,이태원1동,5,
BE_LiST20-0160,외국인관광도시민박업,KIM's house,,"서울특별시 용산구 이태원로15길 30-24, 202호 (이태원동)",서울특별시,용산구,이태원1동,1,
BE_LiST20-0161,외국인관광도시민박업,9 Road,,"서울특별시 용산구 우사단로14길 36, 2층 (한남동)",서울특별시,용산구,한남동,1,
BE_LiST20-0162,외국인관광도시민박업,FUNFUN GUESTHOUSE(펀펀 게스트하우스),,서울특별시 용산구 장문로6길 81-1 (동빙고동),서울특별시,용산구,서빙고동,2,
BE_LiST20-0163,외국인관광도시민박업,트리플,,"서울특별시 용산구 한남대로27가길 32, 4층 (한남동)",서울특별시,용산구,한남동,1,
BE_LiST20-0164,외국인관광도시민박업,88하우스 용산,,"서울특별시 용산구 백범로90다길 12, 202동 3202호 (문배동, 용산CJ나인파크)",서울특별시,용산구,원효로1동,1,
BE_LiST20-0165,외국인관광도시민박업,큐브 게스트하우스,,"서울특별시 용산구 이태원로23길 28-4, 1,2층 (이태원동)",서울특별시,용산구,이태원1동,6,
BE_LiST20-0166,외국인관광도시민박업,트래블홀릭 게스트하우스,,서울특별시 용산구 녹사평대로26가길 26 (이태원동),서울특별시,용산구,이태원1동,2,
BE_LiST20-0167,외국인관광도시민박업,eid guesthouse,,서울특별시 용산구 우사단로4길 67-20 (보광동),서울특별시,용산구,보광동,3,
BE_LiST20-0168,외국인관광도시민박업,정 story,,"서울특별시 용산구 효창원로94나길 6-5, 2층 3호 (청파동1가)",서울특별시,용산구,청파동,1,
BE_LiST20-0169,외국인관광도시민박업,Cozy House,,"서울특별시 용산구 원효로77길 20-16, 1호 (원효로1가)",서울특별시,용산구,원효로1동,2,
BE_LiST20-0170,외국인관광도시민박업,Photo Park(포토박),,서울특별시 용산구 신흥로27길 6-5 (용산동2가),서울특별시,용산구,용산2가동,4,
BE_LiST20-0171,외국인관광도시민박업,용하우스(Yong House),,"서울특별시 용산구 이촌로2가길 66, 101동 1606호 (이촌동, 북한강아파트)",서울특별시,용산구,이촌2동,1,
BE_LiST20-0172,외국인관광도시민박업,Eden Guest House,,"서울특별시 용산구 회나무로13길 6-4, 1~2층 (이태원동)",서울특별시,용산구,이태원2동,5,
BE_LiST20-0173,외국인관광도시민박업,로사 스테이,,"서울특별시 용산구 이촌로22길 5-10, 지하층 (이촌동)",서울특별시,용산구,이촌2동,1,
BE_LiST20-0174,외국인관광도시민박업,指月藏(jiwoljang),,"서울특별시 용산구 후암로4길 21, 에이동 1층 (후암동)",서울특별시,용산구,후암동,3,
BE_LiST20-0175,외국인관광도시민박업,소월길,,"서울특별시 용산구 신흥로20길 27, 102호 (용산동2가, 대영빌라)",서울특별시,용산구,용산2가동,1,
BE_LiST20-0176,외국인관광도시민박업,노바펠리스,,"서울특별시 용산구 후암로30길 17, 302호 (후암동, 노바펠리스)",서울특별시,용산구,후암동,3,
BE_LiST20-0177,외국인관광도시민박업,House of Itaewon,,서울특별시 용산구 이태원로27길 26 (이태원동),서울특별시,용산구,이태원1동,1,
BE_LiST20-0178,외국인관광도시민박업,Top guesthouse,,"서울특별시 용산구 청파로85길 38, 3층 (서계동)",서울특별시,용산구,청파동,2,
BE_LiST20-0179,외국인관광도시민박업,요트-2,,"서울특별시 용산구 이태원로19길 19, 3층 (이태원동)",서울특별시,용산구,이태원1동,1,
BE_LiST20-0180,외국인관광도시민박업,엠버시게스트하우스,,"서울특별시 용산구 대사관로31길 7-3, 2~3층 (한남동)",서울특별시,용산구,한남동,5,
BE_LiST20-0181,외국인관광도시민박업,제이제이게스트하우스,,"서울특별시 용산구 회나무로39길 6-17, 2~3층 (이태원동)",서울특별시,용산구,이태원2동,3,
BE_LiST20-0182,외국인관광도시민박업,chic studio,,"서울특별시 용산구 이태원로19길 15, 302호 (이태원동)",서울특별시,용산구,이태원1동,1,
BE_LiST20-0183,외국인관광도시민박업,Jeong's family,,"서울특별시 용산구 효창원로8길 16, 101동 903호 (원효로4가, 한성 한강수 아파트)",서울특별시,용산구,원효로2동,2,
BE_LiST20-0184,외국인관광도시민박업,코리아 스테이(Korea Stay),,"서울특별시 성동구 독서당로 173, 2동 1403호 (옥수동, 극동아파트)",서울특별시,성동구,옥수동,1,
BE_LiST20-0185,외국인관광도시민박업,홈 스테이,,"서울특별시 성동구 살곶이길 50, 102동 1703호 (마장동, 현대아파트)",서울특별시,성동구,마장동,1,
BE_LiST20-0186,외국인관광도시민박업,B&B 2ND FLOOR(비앤비세컨플로),,"서울특별시 성동구 매봉길 15, 114동 2층 203호 (옥수동, 래미안옥수리버젠아파트)",서울특별시,성동구,옥수동,2,
BE_LiST20-0187,외국인관광도시민박업,스테이서울,,"서울특별시 성동구 사근동길 8, 5층 (행당동)",서울특별시,성동구,사근동,1,
BE_LiST20-0188,외국인관광도시민박업,twohyuns,,"서울특별시 성동구 독서당로 343, 103동 1502호 (금호동1가, 금호삼성래미안)",서울특별시,성동구,금호1가동,2,
BE_LiST20-0189,외국인관광도시민박업,리버사이드 게스트하우스,,"서울특별시 성동구 둘레15길 7, 101동 7층 1호 (성수동2가)",서울특별시,성동구,성수2가1동,2,
BE_LiST20-0190,외국인관광도시민박업,행당역홈스테이,,"서울특별시 성동구 행당로 82, 121동 1802호 (행당동, 행당한진타운)",서울특별시,성동구,행당2동,2,
BE_LiST20-0191,외국인관광도시민박업,도심단체숙소,,"서울특별시 성동구 행당로 82, 121동 19층 1903호 (행당동, 행당한진타운)",서울특별시,성동구,행당2동,2,
BE_LiST20-0192,외국인관광도시민박업,에밀리홈스테이,,"서울특별시 광진구 뚝섬로34길 67, A동 3층 303호 (자양동, 광진트라팰리스)",서울특별시,광진구,자양3동,1,
BE_LiST20-0193,외국인관광도시민박업,Homestay Cafe Naru,,서울특별시 광진구 광장로1길 18 (광장동),서울특별시,광진구,광장동,2,
BE_LiST20-0194,외국인관광도시민박업,Happy Day Familly,,"서울특별시 광진구 뚝섬로34길 25-19, 1004동 402호 (자양동, 현대홈타운10차아파트)",서울특별시,광진구,자양3동,3,
BE_LiST20-0195,외국인관광도시민박업,친친스테이(Chinchin Stay),,서울특별시 광진구 자양번영로5길 37-1 (자양동),서울특별시,광진구,자양3동,2,
BE_LiST20-0196,외국인관광도시민박업,서울 워커힐 홈스테이 게스트하우스,,"서울특별시 광진구 아차산로 637, 24동 603호 (광장동, 워커힐아파트)",서울특별시,광진구,광장동,1,
BE_LiST20-0197,외국인관광도시민박업,마이클 스캇 비앤비,,"서울특별시 광진구 뚝섬로60길 4-10, 201호 (자양동, 스카이빌)",서울특별시,광진구,자양2동,1,
BE_LiST20-0198,외국인관광도시민박업,수라 하우스,,"서울특별시 광진구 천호대로 716, 103동 301호 (구의동, 아차산휴먼시아)",서울특별시,광진구,구의2동,2,
BE_LiST20-0199,외국인관광도시민박업,세계로가는 나,,"서울특별시 동대문구 한천로11길 10-1, 102동 903층 (답십리동, 동아아파트)",서울특별시,동대문구,답십리2동,1,
BE_LiST20-0200,외국인관광도시민박업,서울 스위트,,"서울특별시 동대문구 장안벚꽃로1길 7, 1008동 12층 1201호 (장안동, 힐스테이트아파트)",서울특별시,동대문구,장안2동,2,
BE_LiST20-0201,외국인관광도시민박업,투게더,,"서울특별시 동대문구 장안벚꽃로 107, 119동 1층 105호 (장안동, 현대홈타운)",서울특별시,동대문구,장안1동,1,
BE_LiST20-0202,외국인관광도시민박업,Korea Stay (한국관광공사 홈스테이 2기지정),,서울특별시 동대문구 황물로15길 25 (답십리동),서울특별시,동대문구,답십리1동,2,
BE_LiST20-0203,외국인관광도시민박업,Ko-Stay,,서울특별시 동대문구 한천로 248 (휘경동),서울특별시,동대문구,휘경2동,1,
BE_LiST20-0204,외국인관광도시민박업,유자향기  ( Citron scent ),,"서울특별시 동대문구 한천로58길 47, 105동 20층 2003호 (이문동, 쌍용@)",서울특별시,동대문구,이문2동,2,
BE_LiST20-0205,외국인관광도시민박업,리즈홈 / Lee's home,,"서울특별시 동대문구 제기로 131, 101동 1702호 (청량리동, 한신아파트)",서울특별시,동대문구,청량리동,1,
BE_LiST20-0206,외국인관광도시민박업,INTO DREAM HOUSE,,"서울특별시 동대문구 사가정로 65, 108동 801층 (전농동, 레미안크레시티)",서울특별시,동대문구,전농1동,1,
BE_LiST20-0207,외국인관광도시민박업,W Residence,,"서울특별시 동대문구 사가정로 65, 211동 701호 (전농동, 래미안크레시티)",서울특별시,동대문구,전농1동,1,
BE_LiST20-0208,외국인관광도시민박업,우에다 하까루 (UEDA HAKARU),,"서울특별시 동대문구 한천로63길 10, 101동 2304호 (이문동)",서울특별시,동대문구,이문2동,2,
BE_LiST20-0209,외국인관광도시민박업,Han's House,,"서울특별시 동대문구 한천로11길 45, 4층 (답십리동)",서울특별시,동대문구,답십리2동,1,
BE_LiST20-0210,외국인관광도시민박업,Uhbu's,,서울특별시 동대문구 고산자로33길 19-5 (용두동),서울특별시,동대문구,용신동,3,
BE_LiST20-0211,외국인관광도시민박업,VERDI GUESTHOUSE,,서울특별시 동대문구 휘경로 61-5 (휘경동),서울특별시,동대문구,휘경1동,2,
BE_LiST20-0212,외국인관광도시민박업,B&B in Seoul,,"서울특별시 동대문구 답십리로 130, 307동 501호 (답십리동, 래미안위브아파트)",서울특별시,동대문구,답십리1동,1,
BE_LiST20-0213,외국인관광도시민박업,Jangan hills Home stay,,"서울특별시 동대문구 장안벚꽃로1길 7, 1009동 601호 (장안동, 장안힐스테이트아파트)",서울특별시,동대문구,장안2동,2,
